,Film_FirstReleaseMonth_Cat_April,Film_FirstReleaseMonth_Cat_August,Film_FirstReleaseMonth_Cat_December,Film_FirstReleaseMonth_Cat_February,Film_FirstReleaseMonth_Cat_January,Film_FirstReleaseMonth_Cat_July,Film_FirstReleaseMonth_Cat_June,Film_FirstReleaseMonth_Cat_March,Film_FirstReleaseMonth_Cat_May,Film_FirstReleaseMonth_Cat_November,Film_FirstReleaseMonth_Cat_October,Film_FirstReleaseMonth_Cat_September,Film_Metacritic,Genre_Action,Genre_Adventure,Genre_Biography,Genre_Comedy,Genre_Crime,Genre_Drama,Genre_Family,Genre_Fantasy,Genre_Film-Noir,Genre_History,Genre_Horror,Genre_Music,Genre_Musical,Genre_Mystery,Genre_Romance,Genre_Sci-Fi,Genre_Sport,Genre_Thriller,Genre_War,Genre_Western,Nomination_Film_Title,Nomination_Is_Winner,Nominations_Academy_Crew_OtherNomPrevYearCount,Nominations_Academy_Crew_OtherNomSameYearCount,Nominations_Academy_Crew_OtherWinPrevYearCount,Nominations_Academy_Film_ActorNomCount,Nominations_Academy_Film_ActressNomCount,Nominations_Academy_Film_BestPictureNomCount,Nominations_Academy_Film_DirectorNomCount,Nominations_Academy_Film_HasMajorNoms,Nominations_Academy_Film_OtherNomCount,Nominations_Academy_Film_ScreenplayNomCount,Nominations_Academy_Person_OtherBestActorNomPrevYearCount,Nominations_Academy_Person_OtherBestActorNomSameYearCount,Nominations_Academy_Person_OtherBestActorWinPrevYearCount,Nominations_Academy_Person_OtherBestSupportingActorNomPrevYearCount,Nominations_Academy_Person_OtherBestSupportingActorNomSameYearCount,Nominations_Academy_Person_OtherBestSupportingActorWinPrevYearCount,Nominations_Academy_Person_OtherNonBestActorNomPrevYearCount,Nominations_Academy_Person_OtherNonBestActorNomSameYearCount,Nominations_Academy_Person_OtherNonBestActorWinPrevYearCount,Person_Age,Person_Name
0,0,0,0,0,0,0,0,0,0,0,1,0,49.0,0.0,0.0,1.0,0.0,0.0,1.0,0.0,0.0,0.0,0.0,0.0,1.0,0.0,0.0,0.0,0.0,0.0,0.0,0.0,0.0,Bohemian Rhapsody  ,1,21,0,6,0,0,1,0,0,3,0,0,0,0,0,0,0,0,0,0,37,Rami Malek
1,0,1,0,0,0,0,0,0,0,0,0,0,88.0,0.0,0.0,0.0,0.0,0.0,1.0,0.0,0.0,0.0,0.0,0.0,1.0,0.0,0.0,1.0,0.0,0.0,0.0,0.0,0.0,A Star Is Born  ,0,39,0,11,1,1,1,0,0,4,1,2,0,0,1,0,0,1,2,0,43,Bradley Cooper
2,0,0,1,0,0,0,0,0,0,0,0,0,61.0,0.0,0.0,1.0,1.0,0.0,1.0,0.0,0.0,0.0,0.0,0.0,0.0,0.0,0.0,0.0,0.0,0.0,0.0,0.0,0.0,Vice  ,0,45,0,11,0,0,1,1,0,4,1,1,0,0,1,0,1,0,0,0,44,Christian Bale
3,0,0,0,0,0,0,0,0,0,0,0,1,69.0,0.0,0.0,1.0,1.0,0.0,1.0,0.0,0.0,0.0,0.0,0.0,1.0,0.0,0.0,0.0,0.0,0.0,0.0,0.0,0.0,Green Book  ,0,8,0,5,0,0,1,0,0,2,1,2,0,0,0,0,0,0,0,0,60,Viggo Mortensen
4,0,0,0,0,0,0,0,0,0,0,0,1,76.0,0.0,0.0,1.0,0.0,0.0,1.0,0.0,0.0,0.0,0.0,0.0,0.0,0.0,0.0,0.0,0.0,0.0,0.0,0.0,0.0,At Eternity's Gate  ,0,5,0,1,0,0,0,0,0,0,0,0,0,0,3,0,0,0,0,0,63,Willem Dafoe
5,0,0,0,0,0,0,0,0,0,0,0,1,75.0,0.0,0.0,1.0,0.0,0.0,1.0,0.0,0.0,0.0,1.0,0.0,0.0,0.0,0.0,0.0,0.0,0.0,0.0,1.0,0.0,Darkest Hour  ,1,26,2,1,0,0,1,0,0,4,0,1,0,0,0,0,0,0,0,0,59,Gary Oldman
6,0,0,0,0,0,0,0,0,0,1,0,0,90.0,0.0,0.0,0.0,0.0,0.0,1.0,0.0,0.0,0.0,0.0,0.0,0.0,0.0,0.0,1.0,0.0,0.0,0.0,0.0,0.0,Phantom Thread  ,0,23,1,3,0,0,1,1,0,3,0,2,0,3,0,0,0,0,0,0,60,Daniel Day-Lewis
7,0,0,0,0,1,0,0,0,0,0,0,0,84.0,0.0,0.0,0.0,0.0,0.0,0.0,0.0,0.0,0.0,0.0,1.0,0.0,0.0,1.0,0.0,0.0,0.0,1.0,0.0,0.0,Get Out  ,0,4,0,0,0,0,1,1,0,0,1,0,0,0,0,0,0,0,0,0,28,Daniel Kaluuya
8,0,0,0,0,0,0,0,0,0,0,0,1,58.0,0.0,0.0,0.0,0.0,1.0,1.0,0.0,0.0,0.0,0.0,0.0,0.0,0.0,0.0,0.0,0.0,0.0,1.0,0.0,0.0,"Roman J. Israel, Esq.  ",0,11,0,2,0,0,0,0,0,0,0,4,0,1,1,0,1,1,0,0,63,Denzel Washington
9,0,0,0,0,1,0,0,0,0,0,0,0,93.0,0.0,0.0,0.0,0.0,0.0,1.0,0.0,0.0,0.0,0.0,0.0,0.0,0.0,0.0,1.0,0.0,0.0,0.0,0.0,0.0,Call Me by Your Name  ,0,6,0,3,0,0,1,0,0,1,1,0,0,0,0,0,0,0,0,0,22,Timothée Chalamet
10,0,0,0,0,1,0,0,0,0,0,0,0,96.0,0.0,0.0,0.0,0.0,0.0,1.0,0.0,0.0,0.0,0.0,0.0,0.0,0.0,0.0,0.0,0.0,0.0,0.0,0.0,0.0,Manchester by the Sea  ,1,8,0,2,0,0,1,1,0,2,1,0,0,0,1,0,0,0,0,0,41,Casey Affleck
11,0,0,0,0,0,0,0,0,0,0,0,1,71.0,0.0,0.0,1.0,0.0,0.0,1.0,0.0,0.0,0.0,1.0,0.0,0.0,0.0,0.0,0.0,0.0,0.0,0.0,1.0,0.0,Hacksaw Ridge  ,0,27,0,5,0,0,1,1,0,3,0,0,0,0,0,0,0,0,0,0,33,Andrew Garfield
12,0,0,1,0,0,0,0,0,0,0,0,0,79.0,0.0,0.0,0.0,0.0,0.0,1.0,0.0,0.0,0.0,0.0,0.0,0.0,0.0,0.0,0.0,0.0,0.0,0.0,0.0,0.0,Fences  ,0,29,0,14,0,0,1,0,0,1,1,3,0,1,1,0,1,0,1,0,62,Denzel Washington
13,0,1,0,0,0,0,0,0,0,0,0,0,93.0,0.0,0.0,0.0,1.0,0.0,1.0,0.0,0.0,0.0,0.0,0.0,1.0,1.0,0.0,1.0,0.0,0.0,0.0,0.0,0.0,La La Land  ,0,25,0,4,1,1,1,1,1,9,1,1,0,0,0,0,0,0,0,0,36,Ryan Gosling
14,0,0,0,0,1,0,0,0,0,0,0,0,72.0,0.0,0.0,0.0,1.0,0.0,1.0,0.0,0.0,0.0,0.0,0.0,0.0,0.0,0.0,0.0,0.0,0.0,0.0,0.0,0.0,Captain Fantastic  ,0,2,0,0,0,0,0,0,0,0,0,1,0,0,0,0,0,0,0,0,58,Viggo Mortensen
15,0,0,1,0,0,0,0,0,0,0,0,0,76.0,1.0,1.0,1.0,0.0,0.0,1.0,0.0,0.0,0.0,1.0,0.0,0.0,0.0,0.0,0.0,0.0,0.0,0.0,0.0,1.0,The Revenant  ,1,45,1,11,0,0,1,1,0,9,0,3,0,0,1,0,0,1,0,0,41,Leonardo DiCaprio
16,0,0,0,0,0,0,0,0,0,0,0,1,60.0,0.0,0.0,1.0,0.0,0.0,1.0,0.0,0.0,0.0,0.0,0.0,0.0,0.0,0.0,0.0,0.0,0.0,0.0,0.0,0.0,Trumbo  ,0,46,0,8,0,0,0,0,0,0,0,0,0,0,0,0,0,0,0,0,59,Bryan Cranston
17,0,0,0,0,0,0,0,0,0,0,0,1,66.0,0.0,0.0,1.0,0.0,0.0,1.0,0.0,0.0,0.0,0.0,0.0,0.0,0.0,0.0,1.0,0.0,0.0,0.0,0.0,0.0,The Danish Girl  ,0,11,0,1,0,0,0,0,0,3,0,0,0,1,0,0,0,0,0,0,33,Eddie Redmayne
18,0,0,0,0,0,0,0,0,0,0,0,1,80.0,0.0,1.0,0.0,0.0,0.0,1.0,0.0,0.0,0.0,0.0,0.0,0.0,0.0,0.0,0.0,1.0,0.0,0.0,0.0,0.0,The Martian  ,0,26,1,5,0,0,1,0,0,4,1,1,0,0,1,0,0,0,0,1,45,Matt Damon
19,0,0,0,0,0,0,0,0,0,0,0,1,82.0,0.0,0.0,1.0,0.0,0.0,1.0,0.0,0.0,0.0,0.0,0.0,0.0,0.0,0.0,0.0,0.0,0.0,0.0,0.0,0.0,Steve Jobs  ,0,25,1,10,0,0,0,0,0,1,0,0,0,0,1,0,0,0,0,0,38,Michael Fassbender
20,0,0,0,0,0,0,0,0,0,0,0,1,72.0,0.0,0.0,1.0,0.0,0.0,1.0,0.0,0.0,0.0,0.0,0.0,0.0,0.0,0.0,1.0,0.0,0.0,0.0,0.0,0.0,The Theory of Everything  ,1,9,0,6,1,1,1,0,0,1,1,0,0,0,0,0,0,0,0,0,32,Eddie Redmayne
21,0,1,0,0,0,0,0,0,0,0,0,0,73.0,0.0,0.0,1.0,0.0,0.0,1.0,0.0,0.0,0.0,0.0,0.0,0.0,0.0,0.0,0.0,0.0,0.0,1.0,1.0,0.0,The Imitation Game  ,0,6,0,3,0,0,1,1,0,4,1,0,0,0,0,0,0,0,0,0,38,Benedict Cumberbatch
22,0,0,0,0,0,0,0,0,0,1,0,0,72.0,1.0,0.0,1.0,0.0,0.0,1.0,0.0,0.0,0.0,0.0,0.0,0.0,0.0,0.0,0.0,0.0,0.0,0.0,1.0,0.0,American Sniper  ,0,35,1,11,0,0,1,0,0,3,1,1,0,0,1,0,0,0,1,0,39,Bradley Cooper
23,0,1,0,0,0,0,0,0,0,0,0,0,87.0,0.0,0.0,0.0,1.0,0.0,1.0,0.0,0.0,0.0,0.0,0.0,0.0,0.0,0.0,0.0,0.0,0.0,0.0,0.0,0.0,Birdman or (The Unexpected Virtue of Ignorance)  ,0,40,1,9,0,0,1,1,0,5,1,0,0,0,0,0,0,0,0,0,63,Michael Keaton
24,0,0,0,0,0,0,0,0,1,0,0,0,81.0,0.0,0.0,1.0,0.0,0.0,1.0,0.0,0.0,0.0,0.0,0.0,0.0,0.0,0.0,0.0,0.0,1.0,0.0,0.0,0.0,Foxcatcher  ,0,24,0,4,0,0,0,1,0,2,1,0,0,0,0,0,0,0,0,0,52,Steve Carell
25,0,0,0,0,0,0,0,0,0,0,0,1,84.0,0.0,0.0,1.0,0.0,0.0,1.0,0.0,0.0,0.0,0.0,0.0,0.0,0.0,0.0,0.0,0.0,0.0,0.0,0.0,0.0,Dallas Buyers Club  ,1,2,1,1,0,0,1,0,0,3,1,0,0,0,0,0,0,0,0,0,44,Matthew McConaughey
26,0,0,0,0,0,0,0,0,1,0,0,0,86.0,0.0,1.0,0.0,1.0,0.0,1.0,0.0,0.0,0.0,0.0,0.0,0.0,0.0,0.0,0.0,0.0,0.0,0.0,0.0,0.0,Nebraska  ,0,6,0,2,0,0,1,1,0,2,1,0,0,0,1,0,0,0,0,0,77,Bruce Dern
27,0,1,0,0,0,0,0,0,0,0,0,0,96.0,0.0,0.0,1.0,0.0,0.0,1.0,0.0,0.0,0.0,1.0,0.0,0.0,0.0,0.0,0.0,0.0,0.0,0.0,0.0,0.0,12 Years a Slave  ,0,16,1,1,0,0,1,1,0,5,1,0,0,0,0,0,0,0,0,0,36,Chiwetel Ejiofor
28,0,0,1,0,0,0,0,0,0,0,0,0,90.0,0.0,0.0,0.0,0.0,1.0,1.0,0.0,0.0,0.0,0.0,0.0,0.0,0.0,0.0,0.0,0.0,0.0,0.0,0.0,0.0,American Hustle  ,0,21,2,6,1,1,1,1,1,5,1,0,0,0,0,0,1,0,0,0,39,Christian Bale
29,0,0,1,0,0,0,0,0,0,0,0,0,75.0,0.0,0.0,1.0,0.0,1.0,1.0,0.0,0.0,0.0,0.0,0.0,0.0,0.0,0.0,0.0,0.0,0.0,0.0,0.0,0.0,The Wolf of Wall Street  ,0,36,4,16,0,0,1,1,0,1,1,2,0,0,1,0,0,0,1,0,39,Leonardo DiCaprio
30,0,0,0,0,0,0,0,0,0,0,1,0,86.0,0.0,0.0,1.0,0.0,0.0,1.0,0.0,0.0,0.0,1.0,0.0,0.0,0.0,0.0,0.0,0.0,0.0,0.0,1.0,0.0,Lincoln  ,1,65,1,25,0,0,1,1,0,8,1,2,0,2,0,0,0,0,0,0,55,Daniel Day-Lewis
31,0,0,0,0,0,0,0,0,0,0,0,1,81.0,0.0,0.0,0.0,1.0,0.0,1.0,0.0,0.0,0.0,0.0,0.0,0.0,0.0,0.0,1.0,0.0,0.0,0.0,0.0,0.0,Silver Linings Playbook  ,0,18,0,11,1,1,1,1,1,3,1,0,0,0,0,0,0,0,0,0,37,Bradley Cooper
32,0,0,0,0,0,0,0,0,0,0,1,0,76.0,0.0,0.0,0.0,0.0,0.0,1.0,0.0,0.0,0.0,0.0,0.0,0.0,0.0,0.0,0.0,0.0,0.0,1.0,0.0,0.0,Flight  ,0,29,0,8,0,0,0,0,0,0,1,2,0,1,1,0,1,0,0,0,58,Denzel Washington
33,0,0,1,0,0,0,0,0,0,0,0,0,63.0,0.0,0.0,0.0,0.0,0.0,1.0,0.0,0.0,0.0,1.0,0.0,0.0,1.0,0.0,1.0,0.0,0.0,0.0,1.0,0.0,Les Misérables  ,0,35,1,4,0,0,1,0,0,6,0,0,0,0,0,0,0,0,0,0,44,Hugh Jackman
34,0,0,0,0,0,0,0,0,0,0,0,1,86.0,0.0,0.0,0.0,0.0,0.0,1.0,0.0,0.0,0.0,0.0,0.0,0.0,0.0,0.0,0.0,0.0,0.0,0.0,0.0,0.0,The Master  ,0,33,2,7,0,0,0,0,0,2,0,1,0,0,1,0,0,0,0,0,38,Joaquin Phoenix
35,0,0,0,0,0,0,0,0,1,0,0,0,89.0,0.0,0.0,0.0,1.0,0.0,1.0,0.0,0.0,0.0,0.0,0.0,0.0,0.0,0.0,1.0,0.0,0.0,0.0,0.0,0.0,The Artist  ,1,2,0,0,0,0,1,1,0,6,1,0,0,0,0,0,0,0,0,0,39,Jean Dujardin
36,0,0,0,0,0,0,0,0,0,0,0,1,87.0,0.0,0.0,1.0,0.0,0.0,1.0,0.0,0.0,0.0,0.0,0.0,0.0,0.0,0.0,0.0,0.0,1.0,0.0,0.0,0.0,Moneyball  ,0,21,1,7,0,0,1,0,0,3,1,1,0,0,1,0,0,0,1,0,48,Brad Pitt
37,0,0,0,0,0,0,1,0,0,0,0,0,64.0,0.0,0.0,0.0,0.0,0.0,1.0,0.0,0.0,0.0,0.0,0.0,0.0,0.0,0.0,1.0,0.0,0.0,0.0,0.0,0.0,A Better Life  ,0,6,0,0,0,0,0,0,0,0,0,0,0,0,0,0,0,0,0,0,48,Demián Bichir
38,0,0,0,0,0,0,0,0,0,0,0,1,85.0,0.0,0.0,0.0,0.0,0.0,1.0,0.0,0.0,0.0,0.0,0.0,0.0,0.0,1.0,0.0,0.0,0.0,1.0,0.0,0.0,Tinker Tailor Soldier Spy  ,0,11,0,1,0,0,0,0,0,1,1,0,0,0,0,0,0,0,0,0,53,Gary Oldman
39,0,0,0,0,0,0,0,0,0,0,0,1,84.0,0.0,0.0,0.0,1.0,0.0,1.0,0.0,0.0,0.0,0.0,0.0,0.0,0.0,0.0,0.0,0.0,0.0,0.0,0.0,0.0,The Descendants  ,0,7,0,2,0,0,1,1,0,1,1,2,0,0,0,0,1,2,1,0,50,George Clooney
40,0,0,0,0,0,0,0,0,0,0,0,1,88.0,0.0,0.0,1.0,0.0,0.0,1.0,0.0,0.0,0.0,1.0,0.0,0.0,0.0,0.0,0.0,0.0,0.0,0.0,0.0,0.0,The King's Speech  ,1,14,0,3,0,0,1,1,0,8,1,1,0,0,0,0,0,0,0,0,50,Colin Firth
41,0,0,0,0,0,0,0,0,0,0,0,1,82.0,0.0,0.0,1.0,0.0,0.0,1.0,0.0,0.0,0.0,0.0,0.0,0.0,0.0,0.0,0.0,0.0,0.0,0.0,0.0,0.0,127 Hours  ,0,3,0,5,0,0,1,0,0,3,1,0,0,0,0,0,0,0,0,0,32,James Franco
42,0,0,0,0,0,0,0,0,1,0,0,0,58.0,0.0,0.0,0.0,0.0,0.0,1.0,0.0,0.0,0.0,0.0,0.0,0.0,0.0,0.0,1.0,0.0,0.0,0.0,0.0,0.0,Biutiful  ,0,14,0,7,0,0,0,0,0,1,0,1,0,0,0,0,1,0,0,0,41,Javier Bardem
43,0,0,1,0,0,0,0,0,0,0,0,0,80.0,0.0,0.0,0.0,0.0,0.0,1.0,0.0,0.0,0.0,0.0,0.0,0.0,0.0,0.0,0.0,0.0,0.0,0.0,0.0,1.0,True Grit  ,0,36,1,10,0,0,1,1,0,6,1,1,0,1,3,0,0,0,0,0,61,Jeff Bridges
44,0,0,0,0,0,0,0,0,0,0,0,1,95.0,0.0,0.0,1.0,0.0,0.0,1.0,0.0,0.0,0.0,0.0,0.0,0.0,0.0,0.0,0.0,0.0,0.0,0.0,0.0,0.0,The Social Network  ,0,17,1,8,0,0,1,1,0,4,1,0,0,0,0,0,0,0,0,0,27,Jesse Eisenberg
45,0,0,1,0,0,0,0,0,0,0,0,0,83.0,0.0,0.0,0.0,0.0,0.0,1.0,0.0,0.0,0.0,0.0,0.0,1.0,0.0,0.0,1.0,0.0,0.0,0.0,0.0,0.0,Crazy Heart  ,1,22,0,3,0,0,0,0,0,2,0,1,0,0,3,0,0,0,0,0,60,Jeff Bridges
46,0,0,0,0,0,0,0,0,0,0,0,1,77.0,0.0,0.0,0.0,0.0,0.0,1.0,0.0,0.0,0.0,0.0,0.0,0.0,0.0,0.0,1.0,0.0,0.0,0.0,0.0,0.0,A Single Man  ,0,9,0,0,0,0,0,0,0,0,0,0,0,0,0,0,0,0,0,0,49,Colin Firth
47,0,0,0,0,0,0,0,0,0,0,0,1,83.0,0.0,0.0,0.0,1.0,0.0,1.0,0.0,0.0,0.0,0.0,0.0,0.0,0.0,0.0,1.0,0.0,0.0,0.0,0.0,0.0,Up in the Air  ,0,4,0,1,0,0,1,1,0,2,1,1,0,0,0,0,1,2,0,0,48,George Clooney
48,0,0,0,0,0,0,0,0,0,0,0,1,95.0,0.0,0.0,0.0,0.0,0.0,1.0,0.0,0.0,0.0,0.0,0.0,0.0,0.0,0.0,0.0,0.0,0.0,1.0,1.0,0.0,The Hurt Locker  ,0,5,0,0,0,0,1,1,0,5,1,0,0,0,0,0,0,0,0,0,38,Jeremy Renner
49,0,0,1,0,0,0,0,0,0,0,0,0,74.0,0.0,0.0,1.0,0.0,0.0,1.0,0.0,0.0,0.0,1.0,0.0,0.0,0.0,0.0,0.0,0.0,1.0,0.0,0.0,0.0,Invictus  ,0,18,0,9,0,0,0,0,0,1,0,2,0,0,1,0,1,0,0,0,72,Morgan Freeman
50,0,0,0,0,0,0,0,0,0,0,1,0,84.0,0.0,0.0,1.0,0.0,0.0,1.0,0.0,0.0,0.0,0.0,0.0,0.0,0.0,0.0,0.0,0.0,0.0,0.0,0.0,0.0,Milk  ,1,11,0,4,0,0,1,1,0,4,1,3,0,1,0,0,0,0,0,0,48,Sean Penn
51,0,0,1,0,0,0,0,0,0,0,0,0,70.0,0.0,0.0,0.0,0.0,0.0,1.0,0.0,1.0,0.0,0.0,0.0,0.0,0.0,0.0,1.0,0.0,0.0,0.0,0.0,0.0,The Curious Case of Benjamin Button  ,0,37,1,12,0,0,1,1,0,9,1,0,0,0,1,0,0,0,0,0,45,Brad Pitt
52,0,0,0,0,0,0,0,0,0,0,1,0,80.0,0.0,0.0,1.0,0.0,0.0,1.0,0.0,0.0,0.0,1.0,0.0,0.0,0.0,0.0,0.0,0.0,0.0,0.0,0.0,0.0,Frost/Nixon  ,0,22,1,7,0,0,1,1,0,1,1,0,0,0,0,0,0,0,0,0,70,Frank Langella
53,0,0,0,0,0,0,0,0,0,0,0,1,81.0,0.0,0.0,0.0,0.0,0.0,1.0,0.0,0.0,0.0,0.0,0.0,0.0,0.0,0.0,0.0,0.0,1.0,0.0,0.0,0.0,The Wrestler  ,0,1,0,2,0,0,0,0,0,1,0,0,0,0,0,0,0,0,0,0,56,Mickey Rourke
54,0,0,0,0,0,0,0,0,0,0,0,1,79.0,0.0,0.0,0.0,0.0,0.0,1.0,0.0,0.0,0.0,0.0,0.0,0.0,0.0,0.0,0.0,0.0,0.0,0.0,0.0,0.0,The Visitor  ,0,4,0,1,0,0,0,0,0,0,0,0,0,0,0,0,0,0,0,0,61,Richard Jenkins
55,0,0,0,0,0,0,0,0,0,0,0,1,93.0,0.0,0.0,0.0,0.0,0.0,1.0,0.0,0.0,0.0,0.0,0.0,0.0,0.0,0.0,0.0,0.0,0.0,0.0,0.0,0.0,There Will Be Blood  ,1,23,2,5,0,0,1,1,0,4,1,2,0,1,0,0,0,0,0,0,50,Daniel Day-Lewis
56,0,1,0,0,0,0,0,0,0,0,0,0,82.0,0.0,0.0,0.0,0.0,1.0,1.0,0.0,0.0,0.0,0.0,0.0,0.0,0.0,1.0,0.0,0.0,0.0,1.0,0.0,0.0,Michael Clayton  ,0,13,1,4,0,0,1,1,0,3,1,0,0,0,0,0,1,2,0,0,46,George Clooney
57,0,0,1,0,0,0,0,0,0,0,0,0,83.0,0.0,0.0,0.0,0.0,0.0,1.0,0.0,0.0,0.0,0.0,1.0,0.0,1.0,0.0,0.0,0.0,0.0,1.0,0.0,0.0,Sweeney Todd: The Demon Barber of Fleet Street  ,0,39,2,13,0,0,0,0,0,2,0,2,0,0,0,0,0,0,0,0,44,Johnny Depp
58,0,0,0,0,0,0,0,0,0,0,0,1,65.0,0.0,0.0,0.0,0.0,1.0,1.0,0.0,0.0,0.0,0.0,0.0,0.0,0.0,1.0,0.0,0.0,0.0,0.0,0.0,0.0,In the Valley of Elah  ,0,34,2,13,0,0,0,0,0,0,0,0,0,0,1,0,1,0,0,0,61,Tommy Lee Jones
59,0,0,0,0,0,0,0,0,0,0,0,1,82.0,1.0,0.0,0.0,0.0,1.0,1.0,0.0,0.0,0.0,0.0,0.0,0.0,0.0,0.0,0.0,0.0,0.0,1.0,0.0,0.0,Eastern Promises  ,0,4,1,2,0,0,0,0,0,0,0,0,0,0,0,0,0,0,0,0,49,Viggo Mortensen
60,0,0,0,0,0,0,0,0,0,0,0,1,74.0,0.0,0.0,1.0,0.0,0.0,1.0,0.0,0.0,0.0,1.0,0.0,0.0,0.0,0.0,0.0,0.0,0.0,1.0,0.0,0.0,The Last King of Scotland  ,1,1,1,1,0,0,0,0,0,0,0,0,0,0,0,0,0,0,0,0,45,Forest Whitaker
61,0,0,1,0,0,0,0,0,0,0,0,0,64.0,0.0,1.0,0.0,0.0,0.0,1.0,0.0,0.0,0.0,0.0,0.0,0.0,0.0,0.0,0.0,0.0,0.0,1.0,0.0,0.0,Blood Diamond  ,0,22,2,7,0,0,0,0,0,4,0,1,0,0,1,0,0,0,0,0,32,Leonardo DiCaprio
62,0,0,0,0,0,0,0,0,0,0,0,1,82.0,0.0,0.0,0.0,1.0,0.0,1.0,0.0,0.0,0.0,0.0,0.0,0.0,0.0,0.0,1.0,0.0,0.0,0.0,0.0,0.0,Venus  ,0,7,0,1,0,0,0,0,0,0,0,7,0,0,0,0,0,0,0,1,74,Peter O'Toole
63,0,0,0,0,1,0,0,0,0,0,0,0,85.0,0.0,0.0,0.0,0.0,0.0,1.0,0.0,0.0,0.0,0.0,0.0,0.0,0.0,0.0,0.0,0.0,0.0,0.0,0.0,0.0,Half Nelson  ,0,1,0,0,0,0,0,0,0,0,0,0,0,0,0,0,0,0,0,0,26,Ryan Gosling
64,0,0,1,0,0,0,0,0,0,0,0,0,64.0,0.0,0.0,1.0,0.0,0.0,1.0,0.0,0.0,0.0,0.0,0.0,0.0,0.0,0.0,0.0,0.0,0.0,0.0,0.0,0.0,The Pursuit of Happyness  ,0,25,3,3,0,0,0,0,0,0,0,1,0,0,0,0,0,0,0,0,38,Will Smith
65,0,0,0,0,0,0,0,0,0,0,0,1,88.0,0.0,0.0,1.0,0.0,1.0,1.0,0.0,0.0,0.0,1.0,0.0,0.0,0.0,0.0,0.0,0.0,0.0,0.0,0.0,0.0,Capote  ,1,5,0,5,0,0,1,1,0,1,1,0,0,0,0,0,0,0,0,0,38,Philip Seymour Hoffman
66,0,0,0,0,0,0,0,0,0,0,0,1,80.0,0.0,0.0,1.0,0.0,0.0,1.0,0.0,0.0,0.0,1.0,0.0,0.0,0.0,0.0,0.0,0.0,0.0,0.0,0.0,0.0,"Good Night, and Good Luck.  ",0,4,1,3,0,0,1,1,0,2,1,0,0,0,0,0,0,0,0,0,56,David Strathairn
67,0,0,0,0,0,0,0,0,0,0,0,1,87.0,0.0,0.0,0.0,0.0,0.0,1.0,0.0,0.0,0.0,0.0,0.0,0.0,0.0,0.0,1.0,0.0,0.0,0.0,0.0,0.0,Brokeback Mountain  ,0,7,0,1,0,0,1,1,0,4,1,0,0,0,0,0,0,0,0,0,26,Heath Ledger
68,0,0,0,0,0,0,0,0,0,0,0,1,72.0,0.0,0.0,1.0,0.0,0.0,1.0,0.0,0.0,0.0,0.0,0.0,1.0,0.0,0.0,1.0,0.0,0.0,0.0,0.0,0.0,Walk the Line  ,0,7,0,1,1,1,0,0,0,3,0,0,0,0,1,0,0,0,0,0,31,Joaquin Phoenix
69,1,0,0,0,0,0,0,0,0,0,0,0,68.0,0.0,0.0,0.0,0.0,1.0,1.0,0.0,0.0,0.0,0.0,0.0,1.0,0.0,0.0,0.0,0.0,0.0,0.0,0.0,0.0,Hustle & Flow  ,0,2,0,0,0,0,0,0,0,1,0,0,0,0,0,0,0,0,0,0,36,Terrence Howard
70,0,0,0,0,0,0,0,0,0,0,0,1,73.0,0.0,0.0,1.0,0.0,0.0,1.0,0.0,0.0,0.0,0.0,0.0,1.0,0.0,0.0,0.0,0.0,0.0,0.0,0.0,0.0,Ray  ,1,9,0,6,0,0,1,1,0,3,0,0,0,0,0,1,0,0,0,0,37,Jamie Foxx
71,0,0,1,0,0,0,0,0,0,0,0,0,86.0,0.0,0.0,0.0,0.0,0.0,1.0,0.0,0.0,0.0,0.0,0.0,0.0,0.0,0.0,0.0,0.0,1.0,0.0,0.0,0.0,Million Dollar Baby  ,0,18,1,10,1,1,1,1,1,2,1,1,0,0,0,0,0,2,2,3,74,Clint Eastwood
72,0,0,0,0,0,0,0,0,0,0,0,1,79.0,0.0,0.0,1.0,0.0,0.0,1.0,0.0,0.0,0.0,1.0,0.0,0.0,0.0,0.0,0.0,0.0,0.0,0.0,1.0,0.0,Hotel Rwanda  ,0,12,1,2,0,0,0,0,0,1,1,0,0,0,0,0,0,0,0,0,40,Don Cheadle
73,0,0,0,0,0,0,0,0,0,0,0,1,67.0,0.0,0.0,1.0,0.0,0.0,1.0,1.0,0.0,0.0,0.0,0.0,0.0,0.0,0.0,0.0,0.0,0.0,0.0,0.0,0.0,Finding Neverland  ,0,15,1,5,0,0,1,0,0,4,1,1,0,0,0,0,0,0,0,0,41,Johnny Depp
74,0,0,1,0,0,0,0,0,0,0,0,0,77.0,0.0,0.0,1.0,0.0,0.0,1.0,0.0,0.0,0.0,0.0,0.0,0.0,0.0,0.0,0.0,0.0,0.0,0.0,0.0,0.0,The Aviator  ,0,52,0,8,0,0,1,1,0,7,1,0,0,0,1,0,0,0,0,0,30,Leonardo DiCaprio
75,0,0,0,0,0,0,0,0,1,0,0,0,84.0,0.0,0.0,0.0,0.0,1.0,1.0,0.0,0.0,0.0,0.0,0.0,0.0,0.0,1.0,0.0,0.0,0.0,1.0,0.0,0.0,Mystic River  ,1,16,3,13,0,0,1,1,0,2,1,3,0,0,0,0,0,0,0,0,43,Sean Penn
76,0,0,1,0,0,0,0,0,0,0,0,0,71.0,0.0,0.0,0.0,0.0,1.0,1.0,0.0,0.0,0.0,0.0,0.0,0.0,0.0,0.0,0.0,0.0,0.0,0.0,0.0,0.0,House of Sand and Fog  ,0,30,0,2,0,0,0,0,0,2,0,0,0,1,2,0,0,0,0,0,60,Ben Kingsley
77,0,1,0,0,0,0,0,0,0,0,0,0,89.0,0.0,0.0,0.0,0.0,0.0,1.0,0.0,0.0,0.0,0.0,0.0,0.0,0.0,0.0,0.0,0.0,0.0,0.0,0.0,0.0,Lost in Translation  ,0,12,0,6,0,0,1,1,0,0,1,0,0,0,0,0,0,0,0,0,53,Bill Murray
78,0,0,0,0,0,0,1,0,0,0,0,0,63.0,1.0,1.0,0.0,0.0,0.0,0.0,0.0,1.0,0.0,0.0,0.0,0.0,0.0,0.0,0.0,0.0,0.0,0.0,0.0,0.0,Pirates of the Caribbean: The Curse of the Black Pearl  ,0,36,1,16,0,0,0,0,0,4,0,0,0,0,0,0,0,0,0,0,40,Johnny Depp
79,0,0,1,0,0,0,0,0,0,0,0,0,73.0,0.0,1.0,0.0,0.0,0.0,1.0,0.0,0.0,0.0,1.0,0.0,0.0,0.0,0.0,1.0,0.0,0.0,0.0,1.0,0.0,Cold Mountain  ,0,31,0,12,0,0,0,0,0,6,0,0,0,0,1,0,0,0,0,0,31,Jude Law
80,0,0,0,0,0,0,0,0,1,0,0,0,85.0,0.0,0.0,1.0,0.0,0.0,1.0,0.0,0.0,0.0,0.0,0.0,1.0,0.0,0.0,0.0,0.0,0.0,0.0,1.0,0.0,The Pianist  ,1,7,0,1,0,0,1,1,0,3,1,0,0,0,0,0,0,0,0,0,29,Adrien Brody
81,0,0,1,0,0,0,0,0,0,0,0,0,72.0,0.0,0.0,0.0,0.0,1.0,1.0,0.0,0.0,0.0,0.0,0.0,0.0,0.0,0.0,0.0,0.0,0.0,0.0,0.0,0.0,Gangs of New York  ,0,29,1,9,0,0,1,1,0,6,1,1,0,1,0,0,0,0,0,0,45,Daniel Day-Lewis
82,0,0,0,0,0,0,0,0,1,0,0,0,85.0,0.0,0.0,0.0,1.0,0.0,1.0,0.0,0.0,0.0,0.0,0.0,0.0,0.0,0.0,0.0,0.0,0.0,0.0,0.0,0.0,About Schmidt  ,0,9,0,1,0,0,0,0,0,1,0,5,0,2,3,0,1,0,0,0,65,Jack Nicholson
83,0,0,0,0,0,0,0,0,0,0,0,1,84.0,0.0,0.0,0.0,0.0,0.0,1.0,0.0,0.0,0.0,0.0,0.0,0.0,0.0,0.0,1.0,0.0,0.0,1.0,1.0,0.0,The Quiet American  ,0,8,0,7,0,0,0,0,0,0,0,3,0,0,0,0,2,0,0,0,69,Michael Caine
84,0,0,1,0,0,0,0,0,0,0,0,0,83.0,0.0,0.0,0.0,1.0,0.0,1.0,0.0,0.0,0.0,0.0,0.0,0.0,0.0,0.0,0.0,0.0,0.0,0.0,0.0,0.0,Adaptation.  ,0,29,1,13,0,0,0,0,0,2,1,0,0,1,0,0,0,0,0,0,38,Nicolas Cage
85,0,0,0,0,0,0,0,0,0,0,0,1,69.0,0.0,0.0,0.0,0.0,1.0,1.0,0.0,0.0,0.0,0.0,0.0,0.0,0.0,0.0,0.0,0.0,0.0,1.0,0.0,0.0,Training Day  ,1,14,0,5,0,0,0,0,0,1,0,2,0,0,1,0,1,0,0,0,47,Denzel Washington
86,0,0,1,0,0,0,0,0,0,0,0,0,72.0,0.0,0.0,1.0,0.0,0.0,1.0,0.0,0.0,0.0,0.0,0.0,0.0,0.0,0.0,0.0,0.0,0.0,0.0,0.0,0.0,A Beautiful Mind  ,0,21,1,6,0,0,1,1,0,4,1,1,0,1,0,0,0,0,0,0,37,Russell Crowe
87,0,0,1,0,0,0,0,0,0,0,0,0,28.0,0.0,0.0,0.0,0.0,0.0,1.0,0.0,0.0,0.0,0.0,0.0,0.0,0.0,0.0,0.0,0.0,0.0,0.0,0.0,0.0,I Am Sam  ,0,13,0,5,0,0,0,0,0,0,0,2,0,0,0,0,0,0,0,0,41,Sean Penn
88,0,0,0,0,1,0,0,0,0,0,0,0,86.0,0.0,0.0,0.0,0.0,1.0,1.0,0.0,0.0,0.0,0.0,0.0,0.0,0.0,0.0,0.0,0.0,0.0,0.0,0.0,0.0,In the Bedroom  ,0,9,0,4,1,1,1,0,0,1,1,0,0,0,0,0,0,0,0,0,53,Tom Wilkinson
89,0,0,1,0,0,0,0,0,0,0,0,0,65.0,0.0,0.0,1.0,0.0,0.0,1.0,0.0,0.0,0.0,0.0,0.0,0.0,0.0,0.0,0.0,0.0,1.0,0.0,0.0,0.0,Ali  ,0,34,2,8,0,0,0,0,0,1,0,0,0,0,0,0,0,0,0,0,33,Will Smith
90,0,0,0,0,0,0,0,0,1,0,0,0,67.0,1.0,1.0,0.0,0.0,0.0,1.0,0.0,0.0,0.0,0.0,0.0,0.0,0.0,0.0,0.0,0.0,0.0,0.0,0.0,0.0,Gladiator  ,1,25,0,6,0,0,1,1,0,8,1,1,0,0,0,0,0,0,0,0,36,Russell Crowe
91,0,0,0,0,0,0,0,0,0,0,0,1,77.0,0.0,0.0,1.0,0.0,0.0,1.0,0.0,0.0,0.0,0.0,0.0,0.0,0.0,0.0,0.0,0.0,0.0,0.0,0.0,0.0,Pollock  ,0,13,0,7,0,0,0,0,0,1,0,0,0,0,2,0,0,0,0,0,50,Ed Harris
92,0,0,0,0,0,0,0,0,0,0,0,1,70.0,0.0,0.0,1.0,0.0,0.0,1.0,0.0,0.0,0.0,0.0,0.0,0.0,0.0,0.0,0.0,0.0,0.0,0.0,0.0,0.0,Quills  ,0,8,1,3,0,0,0,0,0,2,0,0,0,1,1,0,0,0,0,0,49,Geoffrey Rush
93,0,0,0,0,0,0,0,0,0,0,0,1,85.0,0.0,0.0,1.0,0.0,0.0,1.0,0.0,0.0,0.0,0.0,0.0,0.0,0.0,0.0,1.0,0.0,0.0,0.0,0.0,0.0,Before Night Falls  ,0,5,0,0,0,0,0,0,0,0,0,0,0,0,0,0,0,0,0,0,31,Javier Bardem
94,0,0,1,0,0,0,0,0,0,0,0,0,73.0,0.0,1.0,0.0,0.0,0.0,1.0,0.0,0.0,0.0,0.0,0.0,0.0,0.0,0.0,1.0,0.0,0.0,0.0,0.0,0.0,Cast Away  ,0,28,1,14,0,0,0,0,0,1,0,2,0,2,0,0,0,0,0,0,44,Tom Hanks
95,0,0,0,0,0,0,0,0,0,0,0,1,84.0,0.0,0.0,0.0,0.0,0.0,1.0,0.0,0.0,0.0,0.0,0.0,0.0,0.0,0.0,0.0,0.0,0.0,0.0,0.0,0.0,American Beauty  ,1,18,0,3,1,1,1,1,1,3,1,0,0,0,0,0,1,0,0,0,40,Kevin Spacey
96,0,0,0,0,0,0,0,0,0,0,0,1,74.0,0.0,0.0,1.0,0.0,0.0,1.0,0.0,0.0,0.0,0.0,0.0,0.0,0.0,0.0,0.0,0.0,1.0,0.0,0.0,0.0,The Hurricane  ,0,19,0,4,0,0,0,0,0,0,0,1,0,0,1,0,1,0,0,0,45,Denzel Washington
97,0,0,0,0,0,0,0,0,1,0,0,0,86.0,0.0,0.0,1.0,0.0,0.0,1.0,0.0,0.0,0.0,0.0,0.0,0.0,0.0,0.0,0.0,0.0,0.0,0.0,0.0,0.0,The Straight Story  ,0,12,0,3,0,0,0,0,0,0,0,0,0,0,1,0,0,0,0,0,79,Richard Farnsworth
98,0,0,0,0,0,0,0,0,0,0,1,0,84.0,0.0,0.0,1.0,0.0,0.0,1.0,0.0,0.0,0.0,0.0,0.0,0.0,0.0,0.0,0.0,0.0,0.0,1.0,0.0,0.0,The Insider  ,0,35,1,9,0,0,1,1,0,3,1,0,0,0,0,0,0,0,0,0,35,Russell Crowe
99,0,0,0,0,0,0,0,0,0,0,0,1,70.0,0.0,0.0,0.0,1.0,0.0,1.0,0.0,0.0,0.0,0.0,0.0,1.0,0.0,0.0,0.0,0.0,0.0,0.0,0.0,0.0,Sweet and Lowdown  ,0,24,0,7,0,0,0,0,0,1,0,1,0,0,0,0,0,0,0,0,39,Sean Penn
100,0,0,1,0,0,0,0,0,0,0,0,0,59.0,0.0,0.0,0.0,1.0,0.0,1.0,0.0,0.0,0.0,0.0,0.0,0.0,0.0,0.0,1.0,0.0,0.0,0.0,1.0,0.0,La vita è bella  ,1,6,0,2,0,0,1,1,0,3,1,0,0,0,0,0,0,0,2,0,46,Roberto Benigni
101,0,0,0,0,0,0,0,0,0,0,1,0,62.0,0.0,0.0,0.0,0.0,0.0,1.0,0.0,0.0,0.0,0.0,0.0,0.0,0.0,0.0,0.0,0.0,0.0,0.0,0.0,0.0,American History X  ,0,9,0,4,0,0,0,0,0,0,0,0,0,0,1,0,0,0,0,0,29,Edward Norton
102,0,0,0,0,1,0,0,0,0,0,0,0,74.0,0.0,0.0,1.0,0.0,0.0,1.0,0.0,0.0,0.0,0.0,0.0,0.0,0.0,0.0,0.0,0.0,0.0,0.0,0.0,0.0,Gods and Monsters  ,0,2,0,0,0,0,0,0,0,1,1,0,0,0,0,0,0,0,0,0,59,Ian McKellen
103,0,1,0,0,0,0,0,0,0,0,0,0,79.0,0.0,0.0,0.0,0.0,0.0,1.0,0.0,0.0,0.0,0.0,0.0,0.0,0.0,1.0,0.0,0.0,0.0,1.0,0.0,0.0,Affliction  ,0,5,0,1,0,0,0,0,0,1,0,1,0,0,0,0,0,0,0,0,57,Nick Nolte
104,0,0,0,0,0,1,0,0,0,0,0,0,91.0,0.0,0.0,0.0,0.0,0.0,1.0,0.0,0.0,0.0,0.0,0.0,0.0,0.0,0.0,0.0,0.0,0.0,0.0,1.0,0.0,Saving Private Ryan  ,0,28,1,16,0,0,1,1,0,7,1,1,0,2,0,0,0,0,0,0,42,Tom Hanks
105,0,0,1,0,0,0,0,0,0,0,0,0,67.0,0.0,0.0,0.0,1.0,0.0,1.0,0.0,0.0,0.0,0.0,0.0,0.0,0.0,0.0,1.0,0.0,0.0,0.0,0.0,0.0,As Good as It Gets  ,1,16,0,9,1,1,1,0,0,3,1,5,0,1,3,0,1,0,0,0,60,Jack Nicholson
106,0,0,1,0,0,0,0,0,0,0,0,0,73.0,0.0,0.0,0.0,1.0,0.0,1.0,0.0,0.0,0.0,0.0,0.0,0.0,0.0,0.0,0.0,0.0,0.0,0.0,0.0,0.0,Wag the Dog  ,0,22,2,8,0,0,0,0,0,0,1,4,0,2,0,0,0,0,0,0,60,Dustin Hoffman
107,0,0,1,0,0,0,0,0,0,0,0,0,70.0,0.0,0.0,0.0,0.0,0.0,1.0,0.0,0.0,0.0,0.0,0.0,0.0,0.0,0.0,1.0,0.0,0.0,0.0,0.0,0.0,Good Will Hunting  ,0,13,1,3,0,0,1,1,0,5,1,0,0,0,0,0,0,0,1,0,27,Matt Damon
108,0,0,0,0,1,0,0,0,0,0,0,0,77.0,0.0,0.0,0.0,0.0,0.0,1.0,0.0,0.0,0.0,0.0,0.0,0.0,0.0,0.0,0.0,0.0,0.0,0.0,0.0,0.0,Ulee's Gold  ,0,0,0,2,0,0,0,0,0,0,0,0,0,0,0,0,0,1,0,0,57,Peter Fonda
109,0,0,0,0,0,0,0,0,0,0,0,1,83.0,0.0,0.0,0.0,0.0,0.0,1.0,0.0,0.0,0.0,0.0,0.0,0.0,0.0,0.0,0.0,0.0,0.0,0.0,0.0,0.0,The Apostle  ,0,9,0,6,0,0,0,0,0,0,0,1,0,1,2,0,0,0,0,0,66,Robert Duvall
110,0,0,0,0,1,0,0,0,0,0,0,0,87.0,0.0,0.0,1.0,0.0,0.0,1.0,0.0,0.0,0.0,0.0,0.0,1.0,0.0,0.0,1.0,0.0,0.0,0.0,0.0,0.0,Shine  ,1,2,0,1,0,0,1,1,0,3,1,0,0,0,0,0,0,0,0,0,45,Geoffrey Rush
111,0,1,0,0,0,0,0,0,0,0,0,0,84.0,0.0,0.0,0.0,0.0,0.0,1.0,0.0,0.0,0.0,0.0,0.0,0.0,0.0,0.0,0.0,0.0,0.0,0.0,0.0,0.0,Sling Blade  ,0,3,0,2,0,0,0,0,0,0,1,0,0,0,0,0,0,0,1,0,41,Billy Bob Thornton
112,0,0,0,0,0,0,0,0,0,1,0,0,87.0,0.0,0.0,0.0,0.0,0.0,1.0,0.0,0.0,0.0,0.0,0.0,0.0,0.0,0.0,1.0,0.0,0.0,0.0,1.0,0.0,The English Patient  ,0,23,0,10,1,1,1,1,1,7,1,0,0,0,1,0,0,0,0,0,34,Ralph Fiennes
113,0,0,1,0,0,0,0,0,0,0,0,0,77.0,0.0,0.0,0.0,1.0,0.0,1.0,0.0,0.0,0.0,0.0,0.0,0.0,0.0,0.0,1.0,0.0,1.0,0.0,0.0,0.0,Jerry Maguire  ,0,16,1,9,0,0,1,0,0,2,1,1,0,0,0,0,0,0,0,0,34,Tom Cruise
114,0,0,0,0,0,0,0,0,0,0,1,0,79.0,0.0,0.0,1.0,0.0,0.0,1.0,0.0,0.0,0.0,0.0,0.0,0.0,0.0,0.0,0.0,0.0,0.0,0.0,0.0,0.0,The People vs. Larry Flynt  ,0,19,2,11,0,0,0,1,0,0,0,0,0,0,0,0,0,0,0,0,35,Woody Harrelson
115,0,0,0,0,0,0,0,0,0,0,0,1,82.0,0.0,0.0,0.0,0.0,0.0,1.0,0.0,0.0,0.0,0.0,0.0,0.0,0.0,0.0,1.0,0.0,0.0,0.0,0.0,0.0,Leaving Las Vegas  ,1,2,0,0,1,1,0,1,0,0,1,0,0,0,0,0,0,0,0,0,31,Nicolas Cage
116,0,0,1,0,0,0,0,0,0,0,0,0,66.0,0.0,0.0,1.0,0.0,0.0,1.0,0.0,0.0,0.0,1.0,0.0,0.0,0.0,0.0,0.0,0.0,0.0,0.0,0.0,0.0,Nixon  ,0,24,4,10,0,0,0,0,0,2,1,1,0,1,0,0,0,0,0,0,58,Anthony Hopkins
117,0,0,0,0,0,0,0,0,0,0,0,1,81.0,0.0,0.0,1.0,1.0,0.0,1.0,0.0,0.0,0.0,0.0,0.0,0.0,0.0,0.0,1.0,0.0,0.0,0.0,0.0,0.0,Il postino  ,0,2,0,0,0,0,1,1,0,1,1,0,0,0,0,0,0,0,1,0,42,Massimo Troisi
118,0,0,1,0,0,0,0,0,0,0,0,0,59.0,0.0,0.0,0.0,0.0,0.0,1.0,0.0,0.0,0.0,0.0,0.0,1.0,0.0,0.0,0.0,0.0,0.0,0.0,0.0,0.0,Mr. Holland's Opus  ,0,6,0,1,0,0,0,0,0,0,0,0,0,1,0,0,0,0,0,0,48,Richard Dreyfuss
119,0,0,1,0,0,0,0,0,0,0,0,0,80.0,0.0,0.0,0.0,0.0,1.0,1.0,0.0,0.0,0.0,0.0,0.0,0.0,0.0,0.0,0.0,0.0,0.0,0.0,0.0,0.0,Dead Man Walking  ,0,10,1,0,1,1,0,1,0,1,0,0,0,0,0,0,0,0,0,0,35,Sean Penn
120,0,0,0,0,0,0,1,0,0,0,0,0,82.0,0.0,0.0,0.0,0.0,0.0,1.0,0.0,0.0,0.0,0.0,0.0,0.0,0.0,0.0,1.0,0.0,0.0,0.0,0.0,0.0,Forrest Gump  ,1,13,0,13,0,0,1,1,0,9,1,1,0,1,0,0,0,0,0,0,38,Tom Hanks
121,0,0,0,0,0,0,0,0,1,0,0,0,94.0,0.0,0.0,0.0,0.0,1.0,1.0,0.0,0.0,0.0,0.0,0.0,0.0,0.0,0.0,0.0,0.0,0.0,0.0,0.0,0.0,Pulp Fiction  ,0,5,1,2,0,0,1,1,0,3,1,1,0,0,0,0,0,0,0,0,40,John Travolta
122,0,0,0,0,0,0,0,0,0,0,0,1,80.0,0.0,0.0,0.0,0.0,0.0,1.0,0.0,0.0,0.0,0.0,0.0,0.0,0.0,0.0,0.0,0.0,0.0,0.0,0.0,0.0,The Shawshank Redemption  ,0,15,2,6,0,0,1,0,0,4,1,1,0,0,1,0,0,0,0,0,57,Morgan Freeman
123,0,0,1,0,0,0,0,0,0,0,0,0,89.0,0.0,0.0,1.0,1.0,0.0,1.0,0.0,0.0,0.0,1.0,0.0,0.0,0.0,0.0,0.0,0.0,0.0,0.0,0.0,0.0,The Madness of King George  ,0,6,0,1,0,0,0,0,0,2,1,0,0,0,0,0,0,0,0,0,65,Nigel Hawthorne
124,0,0,1,0,0,0,0,0,0,0,0,0,86.0,0.0,0.0,0.0,1.0,0.0,1.0,0.0,0.0,0.0,0.0,0.0,0.0,0.0,0.0,0.0,0.0,0.0,0.0,0.0,0.0,Nobody's Fool  ,0,11,0,5,0,0,0,0,0,0,1,6,0,1,0,0,0,1,0,2,69,Paul Newman
125,0,0,1,0,0,0,0,0,0,0,0,0,66.0,0.0,0.0,0.0,0.0,0.0,1.0,0.0,0.0,0.0,0.0,0.0,0.0,0.0,0.0,0.0,0.0,0.0,0.0,0.0,0.0,Philadelphia  ,1,16,0,9,0,0,0,0,0,3,1,1,0,0,0,0,0,0,0,0,37,Tom Hanks
126,0,0,0,0,0,0,0,0,0,0,1,0,84.0,0.0,0.0,0.0,0.0,0.0,1.0,0.0,0.0,0.0,0.0,0.0,0.0,0.0,0.0,1.0,0.0,0.0,0.0,0.0,0.0,The Remains of the Day  ,0,15,1,6,1,1,1,1,1,3,1,0,0,1,0,0,0,0,0,0,56,Anthony Hopkins
127,0,0,1,0,0,0,0,0,0,0,0,0,84.0,0.0,0.0,1.0,0.0,0.0,1.0,0.0,0.0,0.0,0.0,0.0,0.0,0.0,0.0,0.0,0.0,0.0,0.0,0.0,0.0,In the Name of the Father  ,0,33,2,12,0,0,1,1,0,3,1,0,0,1,0,0,0,0,0,0,36,Daniel Day-Lewis
128,0,0,0,0,0,0,1,0,0,0,0,0,,0.0,0.0,1.0,0.0,0.0,1.0,0.0,0.0,0.0,0.0,0.0,1.0,0.0,0.0,0.0,0.0,0.0,0.0,0.0,0.0,What's Love Got to Do with It  ,0,6,0,2,1,1,0,0,0,0,0,0,0,0,0,0,0,0,0,0,32,Laurence Fishburne
129,0,0,0,0,0,0,0,0,0,1,0,0,94.0,0.0,0.0,1.0,0.0,0.0,1.0,0.0,0.0,0.0,1.0,0.0,0.0,0.0,0.0,0.0,0.0,0.0,0.0,0.0,0.0,Schindler's List  ,0,14,1,6,0,0,1,1,0,8,1,0,0,0,0,0,0,0,0,0,41,Liam Neeson
130,0,0,1,0,0,0,0,0,0,0,0,0,59.0,0.0,0.0,0.0,0.0,0.0,1.0,0.0,0.0,0.0,0.0,0.0,0.0,0.0,0.0,0.0,0.0,0.0,0.0,0.0,0.0,Scent of a Woman  ,1,14,1,5,0,0,1,1,0,0,1,4,0,0,2,1,0,0,0,0,52,Al Pacino
131,0,1,0,0,0,0,0,0,0,0,0,0,85.0,0.0,0.0,0.0,0.0,0.0,1.0,0.0,0.0,0.0,0.0,0.0,0.0,0.0,0.0,0.0,0.0,0.0,0.0,0.0,1.0,Unforgiven  ,0,22,0,9,0,0,1,1,0,5,1,0,0,0,0,0,0,0,2,0,62,Clint Eastwood
132,0,0,0,0,0,0,0,0,0,1,0,0,72.0,0.0,0.0,1.0,0.0,0.0,1.0,0.0,0.0,0.0,1.0,0.0,0.0,0.0,0.0,1.0,0.0,0.0,0.0,0.0,0.0,Malcolm X  ,0,16,1,4,0,0,0,0,0,1,0,0,0,0,1,0,1,0,0,0,38,Denzel Washington
133,0,0,1,0,0,0,0,0,0,0,0,0,47.0,0.0,0.0,1.0,1.0,0.0,1.0,0.0,0.0,0.0,0.0,0.0,0.0,0.0,0.0,0.0,0.0,0.0,0.0,0.0,0.0,Chaplin  ,0,27,1,21,0,0,0,0,0,2,0,0,0,0,0,0,0,0,0,0,27,Robert Downey Jr.
134,0,0,0,0,0,0,0,0,0,0,0,1,90.0,0.0,0.0,0.0,0.0,1.0,1.0,0.0,0.0,0.0,0.0,0.0,0.0,0.0,0.0,1.0,0.0,0.0,1.0,0.0,0.0,The Crying Game  ,0,2,1,0,0,0,1,1,0,2,1,0,0,0,0,0,0,0,0,0,46,Stephen Rea
135,0,0,0,0,1,0,0,0,0,0,0,0,85.0,0.0,0.0,0.0,0.0,1.0,1.0,0.0,0.0,0.0,0.0,0.0,0.0,0.0,0.0,0.0,0.0,0.0,1.0,0.0,0.0,The Silence of the Lambs  ,1,9,0,3,1,1,1,1,1,2,1,0,0,0,0,0,0,0,0,0,54,Anthony Hopkins
136,0,0,1,0,0,0,0,0,0,0,0,0,65.0,0.0,0.0,0.0,0.0,0.0,1.0,0.0,0.0,0.0,0.0,0.0,0.0,0.0,0.0,1.0,0.0,0.0,0.0,0.0,0.0,The Prince of Tides  ,0,13,0,4,0,0,1,0,0,4,1,0,0,0,0,0,0,0,0,0,50,Nick Nolte
137,0,0,0,0,0,0,0,0,0,0,1,0,73.0,0.0,0.0,0.0,0.0,1.0,0.0,0.0,0.0,0.0,0.0,0.0,0.0,0.0,0.0,0.0,0.0,0.0,1.0,0.0,0.0,Cape Fear  ,0,28,3,12,0,0,0,0,0,1,0,3,0,1,0,0,1,0,0,0,48,Robert De Niro
138,0,0,0,0,0,0,0,0,0,0,0,1,61.0,0.0,0.0,0.0,1.0,0.0,1.0,0.0,1.0,0.0,0.0,0.0,0.0,0.0,0.0,0.0,0.0,0.0,0.0,0.0,0.0,The Fisher King  ,0,8,0,1,0,0,0,0,0,3,1,2,0,0,0,0,0,0,0,0,40,Robin Williams
139,0,0,1,0,0,0,0,0,0,0,0,0,80.0,0.0,0.0,1.0,0.0,1.0,1.0,0.0,0.0,0.0,0.0,0.0,0.0,0.0,0.0,0.0,0.0,0.0,0.0,0.0,0.0,Bugsy  ,0,21,5,8,0,0,1,1,0,6,1,3,0,0,0,0,0,7,1,1,54,Warren Beatty
140,0,0,0,0,0,0,0,0,0,0,0,1,93.0,0.0,0.0,1.0,0.0,0.0,1.0,0.0,0.0,0.0,0.0,0.0,0.0,0.0,1.0,0.0,0.0,0.0,0.0,0.0,0.0,Reversal of Fortune  ,1,13,1,5,0,0,0,1,0,0,1,0,0,0,0,0,0,0,0,0,42,Jeremy Irons
141,0,0,0,0,0,0,0,1,0,0,0,0,79.0,0.0,0.0,0.0,1.0,0.0,1.0,0.0,0.0,0.0,1.0,0.0,0.0,0.0,0.0,1.0,0.0,0.0,0.0,0.0,0.0,Cyrano de Bergerac  ,0,6,0,2,0,0,0,0,0,4,0,0,0,0,0,0,0,0,0,0,42,Gérard Depardieu
142,0,0,0,0,0,0,0,0,0,0,1,0,72.0,0.0,1.0,0.0,0.0,0.0,1.0,0.0,0.0,0.0,0.0,0.0,0.0,0.0,0.0,0.0,0.0,0.0,0.0,0.0,1.0,Dances with Wolves  ,0,3,0,2,0,0,1,1,0,8,1,0,0,0,0,0,0,0,2,0,35,Kevin Costner
143,0,0,0,0,0,0,0,0,0,0,0,1,,0.0,0.0,0.0,0.0,0.0,1.0,0.0,0.0,0.0,0.0,0.0,0.0,0.0,0.0,0.0,0.0,0.0,1.0,0.0,0.0,The Field  ,0,11,0,2,0,0,0,0,0,0,0,1,0,0,0,0,0,0,0,0,60,Richard Harris
144,0,0,1,0,0,0,0,0,0,0,0,0,74.0,0.0,0.0,1.0,0.0,0.0,1.0,0.0,0.0,0.0,0.0,0.0,0.0,0.0,0.0,0.0,0.0,0.0,0.0,0.0,0.0,Awakenings  ,0,16,0,2,0,0,1,0,0,0,1,2,0,1,0,0,1,0,0,0,47,Robert De Niro
145,0,0,0,1,0,0,0,0,0,0,0,0,97.0,0.0,0.0,1.0,0.0,0.0,1.0,0.0,0.0,0.0,0.0,0.0,0.0,0.0,0.0,0.0,0.0,0.0,0.0,0.0,0.0,My Left Foot: The Story of Christy Brown  ,1,1,0,0,0,0,1,1,0,1,1,0,0,0,0,0,0,0,0,0,32,Daniel Day-Lewis
146,0,0,0,0,0,0,0,0,0,0,1,0,83.0,1.0,0.0,1.0,0.0,0.0,1.0,0.0,0.0,0.0,1.0,0.0,0.0,0.0,0.0,1.0,0.0,0.0,0.0,1.0,0.0,Henry V  ,0,4,0,4,0,0,0,1,0,1,0,0,0,0,0,0,0,0,1,0,29,Kenneth Branagh
147,0,0,1,0,0,0,0,0,0,0,0,0,81.0,0.0,0.0,0.0,0.0,0.0,1.0,0.0,0.0,0.0,0.0,0.0,0.0,0.0,0.0,0.0,0.0,0.0,0.0,0.0,0.0,Driving Miss Daisy  ,0,9,1,0,1,1,1,0,0,5,1,0,0,0,1,0,0,0,0,0,52,Morgan Freeman
148,0,0,0,0,0,0,1,0,0,0,0,0,79.0,0.0,0.0,0.0,1.0,0.0,1.0,0.0,0.0,0.0,0.0,0.0,0.0,0.0,0.0,0.0,0.0,0.0,0.0,0.0,0.0,Dead Poets Society  ,0,13,0,2,0,0,1,1,0,0,1,1,0,0,0,0,0,0,0,0,38,Robin Williams
149,0,0,1,0,0,0,0,0,0,0,0,0,75.0,0.0,0.0,1.0,0.0,0.0,1.0,0.0,0.0,0.0,0.0,0.0,0.0,0.0,0.0,0.0,0.0,0.0,0.0,1.0,0.0,Born on the Fourth of July  ,0,9,1,2,0,0,1,1,0,4,1,0,0,0,0,0,0,0,0,0,27,Tom Cruise
150,0,0,1,0,0,0,0,0,0,0,0,0,65.0,0.0,0.0,0.0,0.0,0.0,1.0,0.0,0.0,0.0,0.0,0.0,0.0,0.0,0.0,0.0,0.0,0.0,0.0,0.0,0.0,Rain Man  ,1,9,0,3,0,0,1,1,0,4,1,4,0,1,0,0,0,0,0,0,51,Dustin Hoffman
151,0,0,0,1,0,0,0,0,0,0,0,0,77.0,0.0,0.0,1.0,0.0,0.0,1.0,0.0,0.0,0.0,0.0,0.0,0.0,0.0,0.0,0.0,0.0,0.0,0.0,0.0,0.0,Stand and Deliver  ,0,0,0,0,0,0,0,0,0,0,0,0,0,0,0,0,0,0,0,0,41,Edward James Olmos
152,0,0,1,0,0,0,0,0,0,0,0,0,65.0,0.0,0.0,0.0,0.0,1.0,1.0,0.0,0.0,0.0,1.0,0.0,0.0,0.0,1.0,0.0,0.0,0.0,1.0,0.0,0.0,Mississippi Burning  ,0,9,0,1,0,0,1,1,0,4,0,0,0,1,2,0,0,0,0,0,58,Gene Hackman
153,0,0,1,0,0,0,0,0,0,0,0,0,,0.0,0.0,0.0,0.0,0.0,1.0,0.0,0.0,0.0,0.0,0.0,0.0,0.0,0.0,0.0,0.0,0.0,0.0,0.0,0.0,Pelle erobreren  ,0,0,0,1,0,0,0,0,0,1,0,0,0,0,0,0,0,0,0,0,59,Max von Sydow
154,0,0,0,0,0,0,1,0,0,0,0,0,73.0,0.0,0.0,0.0,1.0,0.0,1.0,0.0,1.0,0.0,0.0,0.0,0.0,0.0,0.0,1.0,0.0,0.0,0.0,0.0,0.0,Big  ,0,14,0,5,0,0,0,0,0,0,1,0,0,0,0,0,0,0,0,0,32,Tom Hanks
155,0,0,1,0,0,0,0,0,0,0,0,0,56.0,0.0,0.0,0.0,0.0,1.0,1.0,0.0,0.0,0.0,0.0,0.0,0.0,0.0,0.0,0.0,0.0,0.0,0.0,0.0,0.0,Wall Street  ,1,14,1,9,0,0,0,0,0,0,0,0,0,0,0,0,0,0,0,1,43,Michael Douglas
156,0,0,1,0,0,0,0,0,0,0,0,0,,0.0,0.0,0.0,0.0,0.0,1.0,0.0,0.0,0.0,0.0,0.0,0.0,0.0,0.0,0.0,0.0,0.0,0.0,0.0,0.0,Ironweed  ,0,9,0,2,1,1,0,0,0,0,0,4,0,1,2,0,1,0,0,0,50,Jack Nicholson
157,0,0,0,0,0,0,0,0,1,0,0,0,,0.0,0.0,0.0,1.0,0.0,1.0,0.0,0.0,0.0,0.0,0.0,0.0,0.0,0.0,1.0,0.0,0.0,0.0,0.0,0.0,Oci ciornie  ,0,1,0,0,0,0,0,0,0,0,0,2,0,0,0,0,0,0,0,0,63,Marcello Mastroianni
158,0,0,1,0,0,0,0,0,0,0,0,0,67.0,0.0,0.0,1.0,1.0,0.0,1.0,0.0,0.0,0.0,0.0,0.0,0.0,0.0,0.0,0.0,0.0,0.0,0.0,1.0,0.0,"Good Morning, Vietnam  ",0,6,0,2,0,0,0,0,0,0,0,0,0,0,0,0,0,0,0,0,36,Robin Williams
159,0,0,1,0,0,0,0,0,0,0,0,0,84.0,0.0,0.0,0.0,1.0,0.0,1.0,0.0,0.0,0.0,0.0,0.0,0.0,0.0,0.0,1.0,0.0,0.0,0.0,0.0,0.0,Broadcast News  ,0,20,1,8,1,1,1,0,0,3,1,1,0,1,0,0,0,0,0,0,37,William Hurt
160,0,0,0,0,0,0,0,0,0,0,1,0,77.0,0.0,0.0,0.0,0.0,0.0,1.0,0.0,0.0,0.0,0.0,0.0,0.0,0.0,0.0,0.0,0.0,1.0,0.0,0.0,0.0,The Color of Money  ,1,10,0,2,0,0,0,0,0,2,1,6,0,0,0,0,0,1,0,1,61,Paul Newman
161,0,0,0,0,0,0,1,0,0,0,0,0,,0.0,0.0,0.0,0.0,1.0,1.0,0.0,0.0,0.0,0.0,0.0,0.0,0.0,0.0,1.0,0.0,0.0,0.0,0.0,0.0,Mona Lisa  ,0,4,1,0,0,0,0,0,0,0,0,0,0,0,0,0,0,0,0,0,44,Bob Hoskins
162,0,0,0,0,0,0,0,0,0,0,0,1,,0.0,0.0,0.0,0.0,0.0,1.0,0.0,0.0,0.0,0.0,0.0,1.0,0.0,0.0,0.0,0.0,0.0,0.0,0.0,0.0,'Round Midnight  ,0,5,0,3,0,0,0,0,0,1,0,0,0,0,0,0,0,0,0,0,63,Dexter Gordon
163,0,0,0,1,0,0,0,0,0,0,0,0,,0.0,0.0,0.0,0.0,0.0,1.0,0.0,0.0,0.0,1.0,0.0,0.0,0.0,0.0,0.0,0.0,0.0,1.0,1.0,0.0,Salvador  ,0,1,4,2,0,0,0,0,0,0,1,0,0,0,0,0,0,0,0,0,39,James Woods
164,0,0,0,0,0,0,0,0,0,0,0,1,80.0,0.0,0.0,0.0,0.0,0.0,1.0,0.0,0.0,0.0,0.0,0.0,0.0,0.0,0.0,1.0,0.0,0.0,0.0,0.0,0.0,Children of a Lesser God  ,0,10,0,6,1,1,1,0,0,1,1,0,0,1,0,0,0,0,0,0,36,William Hurt
165,0,0,0,0,0,0,0,0,1,0,0,0,80.0,0.0,0.0,0.0,0.0,0.0,1.0,0.0,0.0,0.0,0.0,0.0,0.0,0.0,0.0,0.0,0.0,0.0,0.0,0.0,0.0,Kiss of the Spider Woman  ,1,3,0,4,0,0,1,1,0,0,1,0,0,0,0,0,0,0,0,0,35,William Hurt
166,0,0,0,1,0,0,0,0,0,0,0,0,76.0,0.0,0.0,0.0,0.0,1.0,1.0,0.0,0.0,0.0,0.0,0.0,0.0,0.0,0.0,1.0,0.0,0.0,1.0,0.0,0.0,Witness  ,0,6,0,3,0,0,1,1,0,4,1,0,0,0,0,0,0,0,0,0,43,Harrison Ford
167,0,0,0,0,0,0,1,0,0,0,0,0,84.0,0.0,0.0,0.0,1.0,1.0,1.0,0.0,0.0,0.0,0.0,0.0,0.0,0.0,0.0,1.0,0.0,0.0,0.0,0.0,0.0,Prizzi's Honor  ,0,21,1,2,0,0,1,1,0,4,1,3,0,1,2,0,1,0,0,0,48,Jack Nicholson
168,0,0,1,0,0,0,0,0,0,0,0,0,,0.0,0.0,0.0,1.0,0.0,1.0,0.0,0.0,0.0,0.0,0.0,0.0,0.0,0.0,1.0,0.0,0.0,0.0,0.0,0.0,Murphy's Romance  ,0,19,1,3,0,0,0,0,0,1,0,0,0,0,0,0,0,0,0,0,57,James Garner
169,0,0,0,0,0,0,0,0,0,1,0,0,67.0,1.0,1.0,0.0,0.0,0.0,1.0,0.0,0.0,0.0,0.0,0.0,0.0,0.0,0.0,0.0,0.0,0.0,1.0,0.0,0.0,Runaway Train  ,0,2,1,0,0,0,0,0,0,2,0,1,0,1,0,0,0,0,0,0,47,Jon Voight
170,0,0,0,0,0,0,0,0,0,0,0,1,88.0,0.0,0.0,1.0,0.0,0.0,1.0,0.0,0.0,0.0,1.0,0.0,1.0,0.0,0.0,0.0,0.0,0.0,0.0,0.0,0.0,Amadeus  ,1,7,0,6,0,0,1,1,0,6,1,0,0,0,0,0,0,0,0,0,45,F. Murray Abraham
171,0,0,0,0,0,0,0,0,1,0,0,0,,0.0,0.0,0.0,0.0,0.0,1.0,0.0,0.0,0.0,0.0,0.0,0.0,0.0,0.0,0.0,0.0,0.0,0.0,0.0,0.0,Under the Volcano  ,0,17,0,2,0,0,0,0,0,1,0,3,0,0,0,0,0,0,0,0,48,Albert Finney
172,0,0,1,0,0,0,0,0,0,0,0,0,71.0,0.0,0.0,0.0,0.0,0.0,0.0,0.0,0.0,0.0,0.0,0.0,0.0,0.0,0.0,1.0,1.0,0.0,0.0,0.0,0.0,Starman  ,0,21,4,10,0,0,0,0,0,0,0,0,0,0,2,0,0,0,0,0,35,Jeff Bridges
173,0,0,0,0,0,0,0,0,0,1,0,0,76.0,0.0,0.0,1.0,0.0,0.0,1.0,0.0,0.0,0.0,1.0,0.0,0.0,0.0,0.0,0.0,0.0,0.0,0.0,1.0,0.0,The Killing Fields  ,0,3,2,2,0,0,1,1,0,3,1,0,0,0,0,0,0,0,0,0,44,Sam Waterston
174,0,0,0,0,0,0,0,0,0,0,0,1,88.0,0.0,0.0,1.0,0.0,0.0,1.0,0.0,0.0,0.0,1.0,0.0,1.0,0.0,0.0,0.0,0.0,0.0,0.0,0.0,0.0,Amadeus  ,0,7,0,6,0,0,1,1,0,6,1,0,0,0,0,0,0,0,0,0,31,Tom Hulce
175,0,0,0,0,0,0,0,1,0,0,0,0,,0.0,0.0,0.0,0.0,0.0,1.0,0.0,0.0,0.0,0.0,0.0,1.0,0.0,0.0,0.0,0.0,0.0,0.0,0.0,0.0,Tender Mercies  ,1,5,0,2,0,0,1,1,0,1,1,1,0,0,2,0,0,0,0,0,52,Robert Duvall
176,0,0,1,0,0,0,0,0,0,0,0,0,,0.0,0.0,0.0,0.0,0.0,1.0,0.0,0.0,0.0,0.0,0.0,0.0,0.0,0.0,0.0,0.0,0.0,0.0,0.0,0.0,The Dresser  ,0,7,0,0,0,0,1,1,0,0,1,2,0,0,0,0,0,0,0,0,47,Albert Finney
177,0,0,0,0,0,0,1,0,0,0,0,0,52.0,0.0,0.0,0.0,1.0,0.0,1.0,0.0,0.0,0.0,0.0,0.0,0.0,0.0,0.0,0.0,0.0,0.0,0.0,0.0,0.0,Educating Rita  ,0,4,0,0,1,1,0,0,0,0,1,2,0,0,0,0,0,0,0,0,50,Michael Caine
178,0,0,1,0,0,0,0,0,0,0,0,0,,0.0,0.0,0.0,1.0,0.0,1.0,0.0,0.0,0.0,0.0,0.0,0.0,0.0,0.0,1.0,0.0,0.0,0.0,0.0,0.0,"Reuben, Reuben  ",0,2,0,1,0,0,0,0,0,0,1,0,0,0,0,0,0,0,0,0,42,Tom Conti
179,0,0,1,0,0,0,0,0,0,0,0,0,,0.0,0.0,0.0,0.0,0.0,1.0,0.0,0.0,0.0,0.0,0.0,0.0,0.0,0.0,0.0,0.0,0.0,0.0,0.0,0.0,The Dresser  ,0,8,0,0,0,0,1,1,0,0,1,0,0,0,1,0,0,0,0,0,46,Tom Courtenay
180,0,0,0,0,0,0,0,0,0,1,0,0,79.0,0.0,0.0,1.0,0.0,0.0,1.0,0.0,0.0,0.0,1.0,0.0,0.0,0.0,0.0,0.0,0.0,0.0,0.0,0.0,0.0,Gandhi  ,1,11,0,3,0,0,1,1,0,7,1,0,0,0,0,0,0,0,0,0,39,Ben Kingsley
181,0,0,1,0,0,0,0,0,0,0,0,0,88.0,0.0,0.0,0.0,1.0,0.0,1.0,0.0,0.0,0.0,0.0,0.0,0.0,0.0,0.0,1.0,0.0,0.0,0.0,0.0,0.0,Tootsie  ,0,19,3,3,0,0,1,1,0,6,1,3,0,1,0,0,0,0,0,0,45,Dustin Hoffman
182,0,0,0,1,0,0,0,0,0,0,0,0,78.0,0.0,0.0,1.0,0.0,0.0,1.0,0.0,0.0,0.0,1.0,0.0,0.0,0.0,1.0,0.0,0.0,0.0,1.0,0.0,0.0,Missing  ,0,4,0,4,1,1,1,0,0,0,1,5,0,1,0,0,1,0,0,0,57,Jack Lemmon
183,0,0,1,0,0,0,0,0,0,0,0,0,77.0,0.0,0.0,0.0,0.0,0.0,1.0,0.0,0.0,0.0,0.0,0.0,0.0,0.0,0.0,0.0,0.0,0.0,0.0,0.0,0.0,The Verdict  ,0,13,0,0,0,0,1,1,0,1,1,5,0,0,0,0,0,1,0,0,57,Paul Newman
184,0,0,0,0,0,0,0,0,0,0,1,0,,0.0,0.0,0.0,1.0,0.0,1.0,0.0,0.0,0.0,0.0,0.0,0.0,0.0,0.0,0.0,0.0,0.0,0.0,0.0,0.0,My Favorite Year  ,0,10,0,7,0,0,0,0,0,0,0,6,0,0,0,0,0,0,0,0,50,Peter O'Toole
185,0,0,0,0,0,0,0,0,0,1,0,0,68.0,0.0,0.0,0.0,0.0,0.0,1.0,0.0,0.0,0.0,0.0,0.0,0.0,0.0,0.0,0.0,0.0,0.0,0.0,0.0,0.0,On Golden Pond  ,1,38,0,10,1,1,1,1,1,5,1,1,0,0,0,0,0,1,0,1,76,Henry Fonda
186,0,0,0,0,0,0,0,0,0,0,0,1,85.0,0.0,0.0,0.0,0.0,1.0,1.0,0.0,0.0,0.0,0.0,0.0,0.0,0.0,0.0,1.0,0.0,0.0,0.0,0.0,0.0,"Atlantic City, USA  ",0,1,0,1,1,1,1,1,1,0,1,2,0,1,0,0,0,0,0,0,68,Burt Lancaster
187,0,0,0,0,0,1,0,0,0,0,0,0,69.0,0.0,0.0,0.0,1.0,0.0,0.0,0.0,0.0,0.0,0.0,0.0,0.0,0.0,0.0,1.0,0.0,0.0,0.0,0.0,0.0,Arthur  ,0,3,1,2,0,0,0,0,0,2,1,0,0,0,0,0,0,0,0,0,46,Dudley Moore
188,0,0,0,0,0,0,0,0,0,1,0,0,64.0,0.0,0.0,0.0,0.0,0.0,1.0,0.0,0.0,0.0,0.0,0.0,0.0,0.0,0.0,1.0,0.0,0.0,1.0,0.0,0.0,Absence of Malice  ,0,16,0,5,0,0,0,0,0,1,1,4,0,0,0,0,0,1,0,0,56,Paul Newman
189,0,0,1,0,0,0,0,0,0,0,0,0,76.0,0.0,0.0,1.0,0.0,0.0,1.0,0.0,0.0,0.0,1.0,0.0,0.0,0.0,0.0,1.0,0.0,0.0,0.0,0.0,0.0,Reds  ,0,18,0,7,1,1,1,1,1,7,1,2,0,0,0,0,0,5,3,0,44,Warren Beatty
190,0,0,0,0,0,0,0,0,0,1,0,0,89.0,0.0,0.0,1.0,0.0,0.0,1.0,0.0,0.0,0.0,0.0,0.0,0.0,0.0,0.0,0.0,0.0,1.0,0.0,0.0,0.0,Raging Bull  ,1,7,0,6,0,0,1,1,0,5,0,2,0,0,0,0,1,0,0,0,37,Robert De Niro
191,0,0,1,0,0,0,0,0,0,0,0,0,,0.0,0.0,0.0,1.0,0.0,1.0,0.0,0.0,0.0,0.0,0.0,0.0,0.0,0.0,0.0,0.0,0.0,0.0,0.0,0.0,Tribute  ,0,5,0,3,0,0,0,0,0,0,0,4,0,1,0,0,1,0,0,0,55,Jack Lemmon
192,0,0,0,0,0,0,0,0,0,0,1,0,77.0,0.0,0.0,1.0,0.0,0.0,1.0,0.0,0.0,0.0,0.0,0.0,0.0,0.0,0.0,0.0,0.0,0.0,0.0,0.0,0.0,The Elephant Man  ,0,14,0,6,0,0,1,1,0,4,1,0,0,0,1,0,0,0,0,0,40,John Hurt
193,0,0,0,0,0,0,0,1,0,0,0,0,77.0,1.0,0.0,0.0,1.0,0.0,1.0,0.0,0.0,0.0,0.0,0.0,0.0,0.0,0.0,1.0,0.0,0.0,1.0,0.0,0.0,The Stunt Man  ,0,7,1,1,0,0,0,1,0,0,1,5,0,0,0,0,0,0,0,0,48,Peter O'Toole
194,0,0,0,0,0,0,0,0,0,0,1,0,,0.0,0.0,0.0,0.0,0.0,1.0,0.0,0.0,0.0,0.0,0.0,0.0,0.0,0.0,0.0,0.0,0.0,0.0,0.0,0.0,The Great Santini  ,0,4,0,0,0,0,0,0,0,1,0,0,0,0,2,0,0,0,0,0,49,Robert Duvall
195,0,0,1,0,0,0,0,0,0,0,0,0,77.0,0.0,0.0,0.0,0.0,0.0,1.0,0.0,0.0,0.0,0.0,0.0,0.0,0.0,0.0,0.0,0.0,0.0,0.0,0.0,0.0,Kramer vs. Kramer  ,1,7,1,3,0,0,1,1,0,5,1,3,0,0,0,0,0,0,0,0,42,Dustin Hoffman
196,0,0,0,0,0,0,0,0,0,0,0,1,58.0,0.0,0.0,0.0,0.0,1.0,1.0,0.0,0.0,0.0,0.0,0.0,0.0,0.0,0.0,0.0,0.0,0.0,1.0,0.0,0.0,...and justice for all.  ,0,10,0,0,0,0,0,0,0,0,1,3,0,0,1,0,0,0,0,0,39,Al Pacino
197,0,0,0,0,0,0,0,1,0,0,0,0,81.0,0.0,0.0,0.0,0.0,0.0,1.0,0.0,0.0,0.0,0.0,0.0,0.0,0.0,0.0,0.0,0.0,0.0,1.0,0.0,0.0,The China Syndrome  ,0,16,1,7,1,1,0,0,0,1,1,3,0,1,0,0,1,0,0,0,54,Jack Lemmon
198,0,0,1,0,0,0,0,0,0,0,0,0,84.0,0.0,0.0,0.0,1.0,0.0,1.0,0.0,0.0,0.0,0.0,0.0,0.0,0.0,0.0,0.0,0.0,0.0,0.0,0.0,0.0,Being There  ,0,21,0,5,0,0,0,0,0,1,0,1,0,0,0,0,0,1,0,0,54,Peter Sellers
199,0,0,1,0,0,0,0,0,0,0,0,0,72.0,0.0,0.0,0.0,0.0,0.0,1.0,0.0,0.0,0.0,0.0,0.0,1.0,1.0,0.0,0.0,0.0,0.0,0.0,0.0,0.0,All That Jazz  ,0,10,0,2,0,0,1,1,0,5,1,0,0,0,1,0,0,0,0,0,47,Roy Scheider
200,0,0,0,1,0,0,0,0,0,0,0,0,61.0,0.0,0.0,0.0,0.0,0.0,1.0,0.0,0.0,0.0,0.0,0.0,0.0,0.0,0.0,1.0,0.0,0.0,0.0,1.0,0.0,Coming Home  ,1,12,2,10,1,1,1,1,1,3,1,1,0,0,0,0,0,0,0,0,40,Jon Voight
201,0,0,0,0,0,0,0,0,1,0,0,0,78.0,0.0,0.0,1.0,0.0,0.0,1.0,0.0,0.0,0.0,0.0,0.0,1.0,0.0,0.0,0.0,0.0,0.0,0.0,0.0,0.0,The Buddy Holly Story  ,0,1,0,0,0,0,0,0,0,2,0,0,0,0,0,0,0,0,0,0,34,Gary Busey
202,0,1,0,0,0,0,0,0,0,0,0,0,40.0,0.0,0.0,0.0,0.0,0.0,1.0,0.0,0.0,0.0,0.0,0.0,0.0,0.0,0.0,0.0,0.0,0.0,1.0,0.0,0.0,The Boys from Brazil  ,0,13,0,8,0,0,0,0,0,2,0,7,0,1,1,0,0,1,1,1,71,Laurence Olivier
203,0,0,1,0,0,0,0,0,0,0,0,0,86.0,0.0,0.0,0.0,0.0,0.0,1.0,0.0,0.0,0.0,0.0,0.0,0.0,0.0,0.0,0.0,0.0,0.0,0.0,1.0,0.0,The Deer Hunter  ,0,13,0,1,0,0,1,1,0,5,1,1,0,0,0,0,1,0,0,0,35,Robert De Niro
204,0,0,0,0,0,0,1,0,0,0,0,0,72.0,0.0,0.0,0.0,1.0,0.0,0.0,0.0,1.0,0.0,0.0,0.0,0.0,0.0,0.0,1.0,0.0,1.0,0.0,0.0,0.0,Heaven Can Wait  ,0,19,3,6,0,0,1,1,0,5,1,1,0,0,0,0,0,2,3,0,41,Warren Beatty
205,0,0,0,0,0,0,0,0,0,1,0,0,64.0,0.0,0.0,0.0,1.0,0.0,1.0,0.0,0.0,0.0,0.0,0.0,0.0,0.0,0.0,1.0,0.0,0.0,0.0,0.0,0.0,The Goodbye Girl  ,1,11,4,0,1,1,1,0,0,1,1,0,0,0,0,0,0,0,0,0,30,Richard Dreyfuss
206,0,0,1,0,0,0,0,0,0,0,0,0,77.0,0.0,0.0,0.0,0.0,0.0,1.0,0.0,0.0,0.0,0.0,0.0,1.0,0.0,0.0,0.0,0.0,0.0,0.0,0.0,0.0,Saturday Night Fever  ,0,4,0,0,0,0,0,0,0,0,0,0,0,0,0,0,0,0,0,0,23,John Travolta
207,0,0,0,0,0,0,0,0,1,0,0,0,,0.0,0.0,0.0,0.0,0.0,1.0,0.0,0.0,0.0,0.0,0.0,0.0,0.0,0.0,0.0,0.0,0.0,0.0,0.0,0.0,Una giornata particolare  ,0,3,0,3,0,0,0,0,0,1,0,1,0,0,0,0,0,0,0,0,53,Marcello Mastroianni
208,0,0,0,0,0,0,0,0,0,0,1,0,,0.0,0.0,0.0,0.0,0.0,1.0,0.0,0.0,0.0,0.0,0.0,0.0,0.0,1.0,0.0,0.0,0.0,0.0,0.0,0.0,Equus  ,0,6,0,1,0,0,0,0,0,1,1,5,0,0,1,0,0,0,0,0,52,Richard Burton
209,0,0,0,0,0,0,0,1,0,0,0,0,92.0,0.0,0.0,0.0,1.0,0.0,0.0,0.0,0.0,0.0,0.0,0.0,0.0,0.0,0.0,1.0,0.0,0.0,0.0,0.0,0.0,Annie Hall  ,0,6,0,1,1,1,1,1,1,0,1,0,0,0,0,0,0,0,2,0,42,Woody Allen
210,0,0,0,0,0,0,0,0,0,1,0,0,83.0,0.0,0.0,0.0,0.0,0.0,1.0,0.0,0.0,0.0,0.0,0.0,0.0,0.0,0.0,0.0,0.0,0.0,0.0,0.0,0.0,Network  ,1,11,0,4,1,1,1,1,1,4,1,1,0,0,0,0,0,0,0,0,60,Peter Finch
211,0,0,1,0,0,0,0,0,0,0,0,0,,0.0,0.0,0.0,1.0,0.0,1.0,0.0,0.0,0.0,0.0,0.0,0.0,0.0,0.0,0.0,0.0,0.0,0.0,1.0,0.0,Pasqualino Settebellezze  ,0,0,0,0,0,0,0,1,0,1,1,0,0,0,0,0,0,0,0,0,34,Giancarlo Giannini
212,0,0,0,1,0,0,0,0,0,0,0,0,94.0,0.0,0.0,0.0,0.0,1.0,1.0,0.0,0.0,0.0,0.0,0.0,0.0,0.0,0.0,0.0,0.0,0.0,0.0,0.0,0.0,Taxi Driver  ,0,3,2,1,0,0,1,0,0,2,0,0,0,0,0,0,1,0,0,0,33,Robert De Niro
213,0,0,0,0,0,0,0,0,0,1,0,0,70.0,0.0,0.0,0.0,0.0,0.0,1.0,0.0,0.0,0.0,0.0,0.0,0.0,0.0,0.0,0.0,0.0,1.0,0.0,0.0,0.0,Rocky  ,0,3,1,0,1,1,1,1,1,5,1,0,0,0,0,0,0,0,1,0,30,Sylvester Stallone
214,0,0,0,0,0,0,0,0,0,1,0,0,83.0,0.0,0.0,0.0,0.0,0.0,1.0,0.0,0.0,0.0,0.0,0.0,0.0,0.0,0.0,0.0,0.0,0.0,0.0,0.0,0.0,Network  ,0,11,0,3,1,1,1,1,1,4,1,1,0,1,0,0,0,0,0,0,58,William Holden
215,0,0,0,0,0,0,0,0,0,1,0,0,83.0,0.0,0.0,0.0,0.0,0.0,1.0,0.0,0.0,0.0,0.0,0.0,0.0,0.0,0.0,0.0,0.0,0.0,0.0,0.0,0.0,One Flew Over the Cuckoo's Nest  ,1,5,0,1,1,1,1,1,1,4,1,3,0,0,1,0,0,0,0,0,38,Jack Nicholson
216,0,0,0,0,0,0,0,0,0,0,0,1,86.0,0.0,0.0,1.0,0.0,1.0,1.0,0.0,0.0,0.0,0.0,0.0,0.0,0.0,0.0,0.0,0.0,0.0,1.0,0.0,0.0,Dog Day Afternoon  ,0,4,1,0,0,0,1,1,0,2,1,2,0,0,1,0,0,0,0,0,35,Al Pacino
217,0,0,0,0,0,0,0,0,0,0,0,1,,0.0,0.0,1.0,1.0,0.0,1.0,0.0,0.0,0.0,0.0,0.0,0.0,0.0,0.0,0.0,0.0,0.0,0.0,0.0,0.0,"Give 'em Hell, Harry!  ",0,0,0,0,0,0,0,0,0,0,0,0,0,0,1,0,0,0,0,0,54,James Whitmore
218,0,0,0,0,1,0,0,0,0,0,0,0,,0.0,0.0,0.0,0.0,0.0,1.0,0.0,0.0,0.0,0.0,0.0,0.0,0.0,0.0,0.0,0.0,0.0,0.0,0.0,0.0,The Man in the Glass Booth  ,0,7,0,4,0,0,0,0,0,0,0,0,0,1,0,0,0,0,0,0,45,Maximilian Schell
219,0,0,0,0,0,0,0,0,0,1,0,0,,0.0,0.0,0.0,1.0,0.0,0.0,0.0,0.0,0.0,0.0,0.0,0.0,0.0,0.0,0.0,0.0,0.0,0.0,0.0,0.0,The Sunshine Boys  ,0,3,1,2,0,0,0,0,0,2,1,1,0,0,0,0,1,0,0,0,55,Walter Matthau
220,0,1,0,0,0,0,0,0,0,0,0,0,,0.0,1.0,0.0,1.0,0.0,1.0,0.0,0.0,0.0,0.0,0.0,0.0,0.0,0.0,1.0,0.0,0.0,0.0,0.0,0.0,Harry and Tonto  ,1,14,2,1,0,0,0,0,0,0,1,0,0,0,0,0,0,0,0,0,56,Art Carney
221,0,0,1,0,0,0,0,0,0,0,0,0,90.0,0.0,0.0,0.0,0.0,1.0,1.0,0.0,0.0,0.0,0.0,0.0,0.0,0.0,0.0,0.0,0.0,0.0,0.0,0.0,0.0,The Godfather: Part II  ,0,8,4,4,0,0,1,1,0,7,1,1,0,0,1,0,0,0,0,0,34,Al Pacino
222,0,0,0,0,0,0,0,0,0,1,0,0,63.0,0.0,0.0,0.0,0.0,1.0,1.0,0.0,0.0,0.0,0.0,0.0,0.0,0.0,1.0,0.0,0.0,0.0,0.0,0.0,0.0,Murder on the Orient Express  ,0,17,0,7,0,0,0,0,0,4,1,1,0,0,0,0,0,0,0,0,38,Albert Finney
223,0,0,0,0,0,0,0,0,0,1,0,0,61.0,0.0,0.0,1.0,0.0,0.0,1.0,0.0,0.0,0.0,0.0,0.0,0.0,0.0,0.0,0.0,0.0,0.0,0.0,0.0,0.0,Lenny  ,0,1,0,1,1,1,1,1,1,1,1,2,0,0,0,0,0,0,0,0,37,Dustin Hoffman
224,0,0,0,0,0,0,1,0,0,0,0,0,92.0,0.0,0.0,0.0,0.0,0.0,1.0,0.0,0.0,0.0,0.0,0.0,0.0,0.0,1.0,0.0,0.0,0.0,1.0,0.0,0.0,Chinatown  ,0,26,1,3,1,1,1,1,1,6,1,2,0,0,1,0,0,0,0,0,37,Jack Nicholson
225,0,0,0,1,0,0,0,0,0,0,0,0,,0.0,0.0,0.0,0.0,0.0,1.0,0.0,0.0,0.0,0.0,0.0,0.0,0.0,0.0,0.0,0.0,0.0,0.0,0.0,0.0,Save the Tiger  ,1,0,1,2,0,0,0,0,0,1,1,3,0,0,0,0,1,0,0,0,48,Jack Lemmon
226,0,0,1,0,0,0,0,0,0,0,0,0,87.0,0.0,0.0,1.0,0.0,1.0,1.0,0.0,0.0,0.0,0.0,0.0,0.0,0.0,0.0,0.0,0.0,0.0,1.0,0.0,0.0,Serpico  ,0,3,0,2,0,0,0,0,0,0,1,0,0,0,1,0,0,0,0,0,33,Al Pacino
227,0,0,1,0,0,0,0,0,0,0,0,0,89.0,0.0,0.0,0.0,1.0,0.0,1.0,0.0,0.0,0.0,0.0,0.0,0.0,0.0,0.0,0.0,0.0,0.0,0.0,0.0,0.0,The Last Detail  ,0,7,2,1,0,0,0,0,0,1,1,1,0,0,1,0,0,0,0,0,36,Jack Nicholson
228,0,0,0,0,0,0,0,0,0,0,1,0,77.0,0.0,0.0,0.0,0.0,0.0,1.0,0.0,0.0,0.0,0.0,0.0,0.0,0.0,0.0,1.0,0.0,0.0,0.0,0.0,0.0,Ultimo tango a Parigi  ,0,1,0,0,0,0,0,1,0,0,0,4,0,2,0,0,0,0,0,0,49,Marlon Brando
229,0,0,1,0,0,0,0,0,0,0,0,0,83.0,0.0,0.0,0.0,1.0,1.0,1.0,0.0,0.0,0.0,0.0,0.0,0.0,0.0,0.0,0.0,0.0,0.0,0.0,0.0,0.0,The Sting  ,0,49,0,13,0,0,1,1,0,6,1,0,0,0,0,0,0,0,0,0,37,Robert Redford
230,0,0,0,0,0,0,0,1,0,0,0,0,100.0,0.0,0.0,0.0,0.0,1.0,1.0,0.0,0.0,0.0,0.0,0.0,0.0,0.0,0.0,0.0,0.0,0.0,0.0,0.0,0.0,The Godfather  ,1,9,2,3,0,0,1,1,0,7,1,4,0,1,0,0,0,0,0,0,48,Marlon Brando
231,0,0,1,0,0,0,0,0,0,0,0,0,,0.0,0.0,0.0,0.0,0.0,0.0,0.0,0.0,0.0,0.0,0.0,0.0,0.0,1.0,0.0,0.0,0.0,1.0,0.0,0.0,Sleuth  ,0,11,0,5,0,0,0,1,0,1,0,6,0,1,0,0,0,1,0,1,65,Laurence Olivier
232,0,0,1,0,0,0,0,0,0,0,0,0,,0.0,0.0,0.0,0.0,0.0,0.0,0.0,0.0,0.0,0.0,0.0,0.0,0.0,1.0,0.0,0.0,0.0,1.0,0.0,0.0,Sleuth  ,0,17,0,7,0,0,0,1,0,1,0,1,0,0,0,0,0,0,0,0,39,Michael Caine
233,0,0,0,0,0,0,0,0,0,0,0,1,80.0,0.0,0.0,0.0,0.0,0.0,1.0,1.0,0.0,0.0,0.0,0.0,0.0,0.0,0.0,0.0,0.0,0.0,0.0,0.0,0.0,Sounder  ,0,1,0,0,1,1,1,0,0,0,1,0,0,0,0,0,0,0,0,0,33,Paul Winfield
234,0,0,0,0,0,0,0,0,1,0,0,0,,0.0,0.0,0.0,1.0,0.0,1.0,0.0,0.0,0.0,0.0,0.0,0.0,1.0,0.0,0.0,0.0,0.0,0.0,0.0,0.0,The Ruling Class  ,0,0,0,0,0,0,0,0,0,0,0,4,0,0,0,0,0,0,0,0,40,Peter O'Toole
235,0,0,0,0,0,0,0,0,0,0,1,0,94.0,1.0,0.0,0.0,0.0,1.0,1.0,0.0,0.0,0.0,0.0,0.0,0.0,0.0,0.0,0.0,0.0,0.0,1.0,0.0,0.0,The French Connection  ,1,0,0,0,0,0,1,1,0,4,1,0,0,0,2,0,0,0,0,0,41,Gene Hackman
236,0,0,1,0,0,0,0,0,0,0,0,0,72.0,0.0,0.0,0.0,1.0,0.0,1.0,0.0,0.0,0.0,0.0,0.0,0.0,0.0,1.0,0.0,0.0,0.0,0.0,0.0,0.0,The Hospital  ,0,2,0,1,0,0,0,0,0,0,1,0,0,1,2,0,0,0,0,0,44,George C. Scott
237,0,0,0,0,0,1,0,0,0,0,0,0,,0.0,0.0,0.0,0.0,0.0,1.0,0.0,0.0,0.0,0.0,0.0,0.0,0.0,0.0,0.0,0.0,0.0,0.0,0.0,0.0,Sunday Bloody Sunday  ,0,5,0,2,1,1,0,1,0,0,1,0,0,0,0,0,0,0,0,0,55,Peter Finch
238,0,0,0,0,0,0,0,0,0,0,1,0,67.0,0.0,0.0,0.0,0.0,0.0,1.0,1.0,0.0,0.0,0.0,0.0,0.0,1.0,0.0,1.0,0.0,0.0,0.0,0.0,0.0,Fiddler on the Roof  ,0,7,1,5,0,0,1,1,0,5,0,0,0,0,0,0,0,0,0,0,36,Topol
239,0,0,0,0,0,0,0,0,0,0,0,1,,0.0,0.0,0.0,1.0,0.0,1.0,0.0,0.0,0.0,0.0,0.0,0.0,0.0,0.0,0.0,0.0,0.0,0.0,0.0,0.0,Kotch  ,0,15,0,4,0,0,0,0,0,3,0,0,0,0,0,0,1,0,0,0,51,Walter Matthau
240,0,0,0,1,0,0,0,0,0,0,0,0,91.0,0.0,0.0,1.0,0.0,0.0,1.0,0.0,0.0,0.0,0.0,0.0,0.0,0.0,0.0,0.0,0.0,0.0,0.0,1.0,0.0,Patton  ,1,11,2,6,0,0,1,1,0,6,1,0,0,0,2,0,0,0,0,0,43,George C. Scott
241,0,0,0,0,0,0,0,0,0,0,0,1,85.0,0.0,0.0,0.0,0.0,0.0,1.0,0.0,0.0,0.0,0.0,0.0,0.0,0.0,0.0,0.0,0.0,0.0,0.0,0.0,0.0,Five Easy Pieces  ,0,0,0,0,0,0,1,0,0,1,1,0,0,0,1,0,0,0,0,0,33,Jack Nicholson
242,0,0,0,0,0,0,0,0,0,0,1,0,53.0,0.0,0.0,0.0,0.0,0.0,1.0,0.0,0.0,0.0,0.0,0.0,0.0,0.0,0.0,1.0,0.0,1.0,0.0,0.0,0.0,The Great White Hope  ,0,42,3,17,1,1,0,0,0,0,0,0,0,0,0,0,0,0,0,0,39,James Earl Jones
243,0,0,0,0,0,0,0,0,0,0,1,0,,0.0,0.0,0.0,0.0,0.0,1.0,0.0,0.0,0.0,0.0,0.0,0.0,0.0,0.0,0.0,0.0,0.0,0.0,0.0,0.0,I Never Sang for My Father  ,0,5,0,1,0,0,0,0,0,1,1,0,0,0,0,0,1,0,0,0,69,Melvyn Douglas
244,0,0,1,0,0,0,0,0,0,0,0,0,84.0,0.0,0.0,0.0,0.0,0.0,1.0,0.0,0.0,0.0,0.0,0.0,0.0,0.0,0.0,1.0,0.0,0.0,0.0,0.0,0.0,Love Story  ,0,2,0,1,1,1,1,1,1,2,1,0,0,0,0,0,0,0,0,0,29,Ryan O'Neal
245,0,0,0,0,0,0,1,0,0,0,0,0,,0.0,1.0,0.0,0.0,0.0,1.0,0.0,0.0,0.0,0.0,0.0,0.0,0.0,0.0,0.0,0.0,0.0,0.0,0.0,1.0,True Grit  ,1,28,2,6,0,0,0,0,0,1,0,1,0,0,0,0,0,1,0,0,62,John Wayne
246,0,0,0,0,0,0,0,0,1,0,0,0,79.0,0.0,0.0,0.0,0.0,0.0,1.0,0.0,0.0,0.0,0.0,0.0,0.0,0.0,0.0,0.0,0.0,0.0,0.0,0.0,1.0,Midnight Cowboy  ,0,1,0,0,0,0,1,1,0,2,1,1,0,0,0,0,0,0,0,0,32,Dustin Hoffman
247,0,0,0,0,0,0,0,0,1,0,0,0,79.0,0.0,0.0,0.0,0.0,0.0,1.0,0.0,0.0,0.0,0.0,0.0,0.0,0.0,0.0,0.0,0.0,0.0,0.0,0.0,1.0,Midnight Cowboy  ,0,2,0,0,0,0,1,1,0,2,1,0,0,0,0,0,0,0,0,0,31,Jon Voight
248,0,0,0,0,0,0,0,0,0,1,0,0,,0.0,0.0,0.0,0.0,0.0,1.0,0.0,0.0,0.0,0.0,0.0,0.0,1.0,0.0,1.0,0.0,0.0,0.0,0.0,0.0,"Goodbye, Mr. Chips  ",0,12,0,3,0,0,0,0,0,1,0,3,0,0,0,0,0,0,0,0,37,Peter O'Toole
249,0,0,1,0,0,0,0,0,0,0,0,0,,0.0,0.0,1.0,0.0,0.0,1.0,0.0,0.0,0.0,1.0,0.0,0.0,0.0,0.0,0.0,0.0,0.0,0.0,0.0,0.0,Anne of the Thousand Days  ,0,11,0,2,1,1,1,0,0,6,1,4,0,0,1,0,0,0,0,0,44,Richard Burton
250,0,0,0,0,0,0,0,0,0,0,0,1,50.0,0.0,0.0,0.0,0.0,0.0,1.0,0.0,0.0,0.0,0.0,0.0,0.0,0.0,0.0,1.0,1.0,0.0,0.0,0.0,0.0,Charly  ,1,10,0,4,0,0,0,0,0,0,0,0,0,0,0,0,0,0,0,0,45,Cliff Robertson
251,0,0,0,0,0,1,0,0,0,0,0,0,,0.0,0.0,0.0,0.0,0.0,1.0,0.0,0.0,0.0,0.0,0.0,0.0,0.0,0.0,0.0,0.0,0.0,0.0,0.0,0.0,The Heart Is a Lonely Hunter  ,0,17,0,5,0,0,0,0,0,1,0,1,0,0,0,0,0,0,0,0,34,Alan Arkin
252,0,0,1,0,0,0,0,0,0,0,0,0,,0.0,0.0,0.0,0.0,0.0,1.0,0.0,0.0,0.0,0.0,0.0,0.0,0.0,0.0,0.0,0.0,0.0,0.0,0.0,0.0,The Fixer  ,0,14,0,10,0,0,0,0,0,0,0,0,0,0,0,0,0,0,0,0,34,Alan Bates
253,0,0,0,0,0,0,0,0,0,0,1,0,,0.0,0.0,1.0,0.0,0.0,1.0,0.0,0.0,0.0,1.0,0.0,0.0,0.0,0.0,0.0,0.0,0.0,0.0,0.0,0.0,The Lion in Winter  ,0,10,0,3,1,1,1,1,1,2,1,2,0,0,0,0,0,0,0,0,36,Peter O'Toole
254,0,0,0,0,0,0,0,0,0,0,0,1,74.0,0.0,0.0,0.0,0.0,0.0,1.0,1.0,0.0,0.0,0.0,0.0,0.0,1.0,0.0,0.0,0.0,0.0,0.0,0.0,0.0,Oliver!  ,0,9,0,6,0,0,1,1,0,8,1,0,0,0,0,0,0,0,0,0,44,Ron Moody
255,0,1,0,0,0,0,0,0,0,0,0,0,75.0,0.0,0.0,0.0,0.0,1.0,1.0,0.0,0.0,0.0,0.0,0.0,0.0,0.0,1.0,0.0,0.0,0.0,1.0,0.0,0.0,In the Heat of the Night  ,1,13,1,7,0,0,1,1,0,3,1,1,0,0,1,0,0,0,0,0,42,Rod Steiger
256,0,0,1,0,0,0,0,0,0,0,0,0,83.0,0.0,0.0,0.0,1.0,0.0,1.0,0.0,0.0,0.0,0.0,0.0,0.0,0.0,0.0,1.0,0.0,0.0,0.0,0.0,0.0,The Graduate  ,0,8,1,5,1,1,1,1,1,2,1,0,0,0,0,0,0,0,0,0,30,Dustin Hoffman
257,0,0,0,0,0,0,0,0,0,1,0,0,91.0,0.0,0.0,0.0,0.0,1.0,1.0,0.0,0.0,0.0,0.0,0.0,0.0,0.0,0.0,0.0,0.0,0.0,0.0,0.0,0.0,Cool Hand Luke  ,0,12,1,1,0,0,0,0,0,2,1,3,0,0,0,0,0,0,0,0,42,Paul Newman
258,0,0,1,0,0,0,0,0,0,0,0,0,63.0,0.0,0.0,0.0,1.0,0.0,1.0,0.0,0.0,0.0,0.0,0.0,0.0,0.0,0.0,0.0,0.0,0.0,0.0,0.0,0.0,Guess Who's Coming to Dinner  ,0,45,1,6,1,1,1,1,1,5,1,6,0,2,0,0,0,0,0,0,67,Spencer Tracy
259,0,1,0,0,0,0,0,0,0,0,0,0,86.0,1.0,0.0,1.0,0.0,1.0,1.0,0.0,0.0,0.0,0.0,0.0,0.0,0.0,0.0,0.0,0.0,0.0,0.0,0.0,0.0,Bonnie and Clyde  ,0,5,0,2,1,1,1,1,1,5,1,0,0,0,0,0,0,0,1,0,30,Warren Beatty
260,0,0,1,0,0,0,0,0,0,0,0,0,72.0,0.0,0.0,1.0,0.0,0.0,1.0,0.0,0.0,0.0,1.0,0.0,0.0,0.0,0.0,0.0,0.0,0.0,0.0,0.0,0.0,A Man for All Seasons  ,1,14,1,8,0,0,1,1,0,4,1,0,0,0,0,0,0,0,0,0,44,Paul Scofield
261,0,0,0,0,0,0,0,0,1,0,0,0,,0.0,0.0,0.0,1.0,0.0,0.0,0.0,0.0,0.0,0.0,0.0,0.0,0.0,0.0,0.0,0.0,0.0,0.0,1.0,0.0,The Russians Are Coming the Russians Are Coming  ,0,12,0,1,0,0,1,0,0,1,1,0,0,0,0,0,0,0,0,0,32,Alan Arkin
262,0,0,0,0,0,0,0,1,0,0,0,0,,0.0,0.0,0.0,1.0,0.0,1.0,0.0,0.0,0.0,0.0,0.0,0.0,0.0,0.0,0.0,0.0,0.0,0.0,0.0,0.0,Alfie  ,0,1,0,2,0,0,1,0,0,2,1,0,0,0,0,0,0,0,0,0,33,Michael Caine
263,0,0,0,0,0,0,1,0,0,0,0,0,75.0,0.0,0.0,0.0,0.0,0.0,1.0,0.0,0.0,0.0,0.0,0.0,0.0,0.0,0.0,0.0,0.0,0.0,0.0,0.0,0.0,Who's Afraid of Virginia Woolf?  ,0,30,0,9,1,1,1,1,1,8,1,3,0,0,1,0,0,0,0,0,41,Richard Burton
264,0,0,1,0,0,0,0,0,0,0,0,0,,0.0,1.0,0.0,0.0,0.0,1.0,0.0,0.0,0.0,0.0,0.0,0.0,0.0,0.0,1.0,0.0,0.0,0.0,1.0,0.0,The Sand Pebbles  ,0,28,1,12,0,0,1,0,0,6,0,0,0,0,0,0,0,0,0,0,36,Steve McQueen
265,0,0,0,0,0,0,1,0,0,0,0,0,60.0,0.0,0.0,0.0,1.0,0.0,0.0,0.0,0.0,0.0,0.0,0.0,0.0,0.0,0.0,1.0,0.0,0.0,0.0,0.0,1.0,Cat Ballou  ,1,11,2,4,0,0,0,0,0,3,1,0,0,0,0,0,0,0,0,0,41,Lee Marvin
266,0,0,1,0,0,0,0,0,0,0,0,0,,0.0,0.0,0.0,0.0,0.0,1.0,0.0,0.0,0.0,0.0,0.0,0.0,0.0,0.0,0.0,0.0,0.0,0.0,0.0,0.0,Othello  ,0,9,0,1,0,0,0,0,0,3,0,5,0,1,0,0,0,1,0,1,58,Laurence Olivier
267,0,0,0,0,0,1,0,0,0,0,0,0,,0.0,0.0,0.0,0.0,0.0,1.0,0.0,0.0,0.0,0.0,0.0,0.0,0.0,0.0,1.0,0.0,0.0,0.0,1.0,0.0,Ship of Fools  ,0,41,4,10,1,1,1,0,0,4,1,0,0,0,0,0,0,0,0,0,43,Oskar Werner
268,0,0,0,0,0,0,0,0,1,0,0,0,,0.0,0.0,0.0,0.0,0.0,1.0,0.0,0.0,0.0,0.0,0.0,0.0,0.0,0.0,0.0,0.0,0.0,1.0,0.0,0.0,The Spy Who Came In from the Cold  ,0,24,2,3,0,0,0,0,0,1,0,2,0,0,1,0,0,0,0,0,40,Richard Burton
269,0,0,0,0,0,1,0,0,0,0,0,0,,0.0,0.0,0.0,0.0,0.0,1.0,0.0,0.0,0.0,0.0,0.0,0.0,0.0,0.0,0.0,0.0,0.0,0.0,0.0,0.0,The Pawnbroker  ,0,3,0,1,0,0,0,0,0,0,0,0,0,0,1,0,0,0,0,0,40,Rod Steiger
270,0,0,0,0,0,0,0,0,0,0,1,0,95.0,0.0,0.0,0.0,0.0,0.0,1.0,1.0,0.0,0.0,0.0,0.0,0.0,1.0,0.0,1.0,0.0,0.0,0.0,0.0,0.0,My Fair Lady  ,1,39,0,9,0,0,1,1,0,8,1,1,0,0,0,0,0,0,0,0,56,Rex Harrison
271,0,0,1,0,0,0,0,0,0,0,0,0,,0.0,0.0,0.0,1.0,0.0,1.0,0.0,0.0,0.0,0.0,0.0,0.0,0.0,0.0,0.0,0.0,0.0,0.0,0.0,0.0,Alexis Zorbas  ,0,0,0,0,0,0,1,1,0,3,1,1,0,0,0,0,2,0,0,0,49,Anthony Quinn
272,0,0,0,0,0,0,0,1,0,0,0,0,68.0,0.0,0.0,1.0,0.0,0.0,1.0,0.0,0.0,0.0,1.0,0.0,0.0,0.0,0.0,0.0,0.0,0.0,0.0,0.0,0.0,Becket  ,0,9,0,4,0,0,1,1,0,7,1,1,0,0,0,0,0,0,0,0,32,Peter O'Toole
273,0,0,0,0,1,0,0,0,0,0,0,0,97.0,0.0,0.0,0.0,1.0,0.0,0.0,0.0,0.0,0.0,0.0,0.0,0.0,0.0,0.0,0.0,0.0,0.0,0.0,0.0,0.0,Dr. Strangelove or: How I Learned to Stop Worrying and Love the Bomb  ,0,4,1,1,0,0,1,1,0,0,1,0,0,0,0,0,0,1,0,0,39,Peter Sellers
274,0,0,0,0,0,0,0,1,0,0,0,0,68.0,0.0,0.0,1.0,0.0,0.0,1.0,0.0,0.0,0.0,1.0,0.0,0.0,0.0,0.0,0.0,0.0,0.0,0.0,0.0,0.0,Becket  ,0,8,0,4,0,0,1,1,0,7,1,1,0,0,1,0,0,0,0,0,39,Richard Burton
275,0,0,0,0,0,1,0,0,0,0,0,0,,0.0,0.0,0.0,0.0,0.0,1.0,0.0,0.0,0.0,0.0,0.0,0.0,0.0,0.0,0.0,0.0,0.0,0.0,0.0,0.0,Lilies of the Field  ,1,6,0,2,0,0,1,0,0,2,1,1,0,0,0,0,0,0,0,0,36,Sidney Poitier
276,0,0,0,0,0,0,1,0,0,0,0,0,77.0,0.0,1.0,0.0,1.0,0.0,0.0,0.0,0.0,0.0,1.0,0.0,0.0,0.0,0.0,0.0,0.0,0.0,0.0,0.0,0.0,Tom Jones  ,0,0,0,1,0,0,1,1,0,6,1,0,0,0,0,0,0,0,0,0,27,Albert Finney
277,0,0,0,0,0,0,0,0,1,0,0,0,62.0,0.0,0.0,0.0,0.0,0.0,1.0,0.0,0.0,0.0,0.0,0.0,0.0,0.0,0.0,0.0,0.0,0.0,0.0,0.0,1.0,Hud  ,0,52,5,15,1,1,0,1,0,3,1,2,0,0,0,0,0,0,0,0,38,Paul Newman
278,0,0,0,0,0,0,1,0,0,0,0,0,60.0,0.0,0.0,1.0,0.0,0.0,1.0,0.0,0.0,0.0,1.0,0.0,0.0,0.0,0.0,1.0,0.0,0.0,0.0,0.0,0.0,Cleopatra  ,0,78,1,27,0,0,1,0,0,7,0,0,0,0,0,0,0,0,0,0,55,Rex Harrison
279,0,0,0,1,0,0,0,0,0,0,0,0,,0.0,0.0,0.0,0.0,0.0,1.0,0.0,0.0,0.0,0.0,0.0,0.0,0.0,0.0,0.0,0.0,1.0,0.0,0.0,0.0,This Sporting Life  ,0,0,0,2,1,1,0,0,0,0,0,0,0,0,0,0,0,0,0,0,33,Richard Harris
280,0,0,1,0,0,0,0,0,0,0,0,0,88.0,0.0,0.0,0.0,0.0,1.0,1.0,0.0,0.0,0.0,0.0,0.0,0.0,0.0,0.0,0.0,0.0,0.0,0.0,0.0,0.0,To Kill a Mockingbird  ,1,9,3,2,0,0,1,1,0,4,1,4,0,0,0,0,0,0,0,0,46,Gregory Peck
281,0,0,0,0,0,1,0,0,0,0,0,0,76.0,0.0,0.0,1.0,0.0,1.0,1.0,0.0,0.0,0.0,0.0,0.0,0.0,0.0,0.0,0.0,0.0,0.0,0.0,0.0,0.0,Birdman of Alcatraz  ,0,11,0,5,0,0,0,0,0,3,0,1,0,1,0,0,0,0,0,0,49,Burt Lancaster
282,0,0,1,0,0,0,0,0,0,0,0,0,74.0,0.0,0.0,0.0,0.0,0.0,1.0,0.0,0.0,0.0,0.0,0.0,0.0,0.0,0.0,0.0,0.0,0.0,0.0,0.0,0.0,Days of Wine and Roses  ,0,18,1,3,1,1,0,0,0,3,0,2,0,0,0,0,1,0,0,0,37,Jack Lemmon
283,0,0,1,0,0,0,0,0,0,0,0,0,,0.0,0.0,0.0,1.0,0.0,1.0,0.0,0.0,0.0,0.0,0.0,0.0,0.0,0.0,1.0,0.0,0.0,0.0,0.0,0.0,Divorzio all'italiana  ,0,0,0,0,0,0,0,1,0,0,1,0,0,0,0,0,0,0,0,0,38,Marcello Mastroianni
284,0,0,1,0,0,0,0,0,0,0,0,0,100.0,0.0,1.0,1.0,0.0,0.0,1.0,0.0,0.0,0.0,1.0,0.0,0.0,0.0,0.0,0.0,0.0,0.0,0.0,1.0,0.0,Lawrence of Arabia  ,0,24,0,9,0,0,1,1,0,6,1,0,0,0,0,0,0,0,0,0,30,Peter O'Toole
285,0,0,1,0,0,0,0,0,0,0,0,0,60.0,0.0,0.0,0.0,0.0,0.0,1.0,0.0,0.0,0.0,0.0,0.0,0.0,0.0,0.0,0.0,0.0,0.0,0.0,1.0,0.0,Judgment at Nuremberg  ,1,33,1,5,0,0,1,1,0,6,1,0,0,0,0,0,0,0,0,0,31,Maximilian Schell
286,0,0,0,0,0,0,1,0,0,0,0,0,,0.0,0.0,0.0,0.0,0.0,1.0,0.0,0.0,0.0,0.0,0.0,0.0,0.0,0.0,1.0,0.0,0.0,0.0,0.0,0.0,Fanny  ,0,8,0,2,0,0,1,0,0,3,0,3,0,0,0,0,0,0,0,1,62,Charles Boyer
287,0,0,0,0,0,0,0,0,0,0,0,1,90.0,0.0,0.0,0.0,0.0,0.0,1.0,0.0,0.0,0.0,0.0,0.0,0.0,0.0,0.0,0.0,0.0,1.0,0.0,0.0,0.0,The Hustler  ,0,3,0,1,1,1,1,1,1,4,1,1,0,0,0,0,0,0,0,0,36,Paul Newman
288,0,0,1,0,0,0,0,0,0,0,0,0,60.0,0.0,0.0,0.0,0.0,0.0,1.0,0.0,0.0,0.0,0.0,0.0,0.0,0.0,0.0,0.0,0.0,0.0,0.0,1.0,0.0,Judgment at Nuremberg  ,0,28,1,3,0,0,1,1,0,6,1,5,0,2,0,0,0,0,0,0,61,Spencer Tracy
289,0,0,0,0,1,0,0,0,0,0,0,0,,0.0,0.0,0.0,0.0,0.0,1.0,0.0,0.0,0.0,0.0,0.0,0.0,0.0,0.0,0.0,0.0,0.0,0.0,0.0,0.0,The Mark  ,0,5,0,3,0,0,0,0,0,0,0,0,0,0,0,0,0,0,0,0,33,Stuart Whitman
290,0,0,0,0,0,0,1,0,0,0,0,0,,0.0,0.0,0.0,0.0,0.0,1.0,0.0,0.0,0.0,0.0,0.0,0.0,0.0,0.0,0.0,0.0,0.0,0.0,0.0,0.0,Elmer Gantry  ,1,15,1,5,0,0,1,0,0,2,1,1,0,0,0,0,0,0,0,0,47,Burt Lancaster
291,0,0,0,0,0,0,1,0,0,0,0,0,94.0,0.0,0.0,0.0,1.0,0.0,1.0,0.0,0.0,0.0,0.0,0.0,0.0,0.0,0.0,1.0,0.0,0.0,0.0,0.0,0.0,The Apartment  ,0,35,1,7,1,1,1,1,1,5,1,1,0,0,0,0,1,0,0,0,35,Jack Lemmon
292,0,0,0,0,0,1,0,0,0,0,0,0,,0.0,0.0,0.0,0.0,0.0,1.0,0.0,0.0,0.0,0.0,0.0,0.0,0.0,0.0,0.0,0.0,0.0,0.0,0.0,0.0,The Entertainer  ,0,0,0,0,0,0,0,0,0,0,0,4,0,1,0,0,0,1,0,1,53,Laurence Olivier
293,0,0,0,0,0,0,1,0,0,0,0,0,75.0,0.0,0.0,1.0,0.0,0.0,1.0,0.0,0.0,0.0,1.0,0.0,0.0,0.0,0.0,0.0,0.0,0.0,0.0,0.0,0.0,Inherit the Wind  ,0,15,0,4,0,0,0,0,0,2,1,4,0,2,0,0,0,0,0,0,60,Spencer Tracy
294,0,0,0,0,0,0,0,0,1,0,0,0,,0.0,0.0,0.0,0.0,0.0,1.0,0.0,0.0,0.0,0.0,0.0,0.0,0.0,0.0,0.0,0.0,0.0,0.0,0.0,0.0,Sons and Lovers  ,0,5,0,3,0,0,1,1,0,3,1,0,0,0,0,0,0,0,0,0,47,Trevor Howard
295,0,0,0,0,0,0,0,0,0,1,0,0,90.0,0.0,1.0,0.0,0.0,0.0,1.0,0.0,0.0,0.0,1.0,0.0,0.0,0.0,0.0,0.0,0.0,0.0,0.0,0.0,0.0,Ben-Hur  ,1,44,1,10,0,0,1,1,0,8,1,0,0,0,0,0,0,0,0,0,36,Charlton Heston
296,0,0,0,0,0,0,0,1,0,0,0,0,97.0,0.0,0.0,0.0,1.0,0.0,0.0,0.0,0.0,0.0,0.0,0.0,1.0,0.0,0.0,1.0,0.0,0.0,0.0,0.0,0.0,Some Like It Hot  ,0,30,0,7,0,0,0,1,0,3,1,0,0,0,0,0,1,0,0,0,34,Jack Lemmon
297,0,0,0,0,0,1,0,0,0,0,0,0,95.0,0.0,0.0,0.0,0.0,1.0,1.0,0.0,0.0,0.0,0.0,0.0,0.0,0.0,1.0,0.0,0.0,0.0,1.0,0.0,0.0,Anatomy of a Murder  ,0,12,0,1,0,0,1,0,0,4,1,3,0,1,0,0,0,0,0,0,51,James Stewart
298,0,0,0,0,1,0,0,0,0,0,0,0,84.0,0.0,0.0,0.0,0.0,0.0,1.0,0.0,0.0,0.0,0.0,0.0,0.0,0.0,0.0,1.0,0.0,0.0,0.0,0.0,0.0,Room at the Top  ,0,1,0,0,1,1,1,1,1,1,1,0,0,0,0,0,0,0,0,0,31,Laurence Harvey
299,0,0,0,0,0,0,0,0,0,0,1,0,,0.0,0.0,0.0,0.0,0.0,1.0,0.0,0.0,0.0,0.0,0.0,0.0,0.0,0.0,0.0,0.0,0.0,0.0,0.0,0.0,The Last Angry Man  ,0,34,0,7,0,0,0,0,0,1,0,4,0,1,0,0,0,0,0,0,64,Paul Muni
300,0,0,1,0,0,0,0,0,0,0,0,0,,0.0,0.0,0.0,0.0,0.0,1.0,0.0,0.0,0.0,0.0,0.0,0.0,0.0,0.0,1.0,0.0,0.0,0.0,0.0,0.0,Separate Tables  ,1,33,1,10,1,1,1,0,0,3,1,0,0,0,0,0,0,0,0,0,48,David Niven
301,0,1,0,0,0,0,0,0,0,0,0,0,80.0,0.0,0.0,0.0,0.0,0.0,1.0,0.0,0.0,0.0,0.0,0.0,0.0,0.0,0.0,0.0,0.0,0.0,0.0,0.0,0.0,Cat on a Hot Tin Roof  ,0,26,2,7,1,1,1,1,1,1,1,0,0,0,0,0,0,0,0,0,33,Paul Newman
302,0,1,0,0,0,0,0,0,0,0,0,0,69.0,0.0,0.0,0.0,0.0,1.0,1.0,0.0,0.0,0.0,0.0,0.0,0.0,0.0,0.0,0.0,0.0,0.0,0.0,0.0,0.0,The Defiant Ones  ,0,8,0,1,0,0,1,1,0,4,1,0,0,0,0,0,0,0,0,0,31,Sidney Poitier
303,0,0,0,0,0,0,0,0,0,0,1,0,,0.0,1.0,0.0,0.0,0.0,1.0,0.0,0.0,0.0,0.0,0.0,0.0,0.0,0.0,0.0,0.0,0.0,0.0,0.0,0.0,The Old Man and the Sea  ,0,14,0,4,0,0,0,0,0,2,0,3,0,2,0,0,0,0,0,0,58,Spencer Tracy
304,0,1,0,0,0,0,0,0,0,0,0,0,69.0,0.0,0.0,0.0,0.0,1.0,1.0,0.0,0.0,0.0,0.0,0.0,0.0,0.0,0.0,0.0,0.0,0.0,0.0,0.0,0.0,The Defiant Ones  ,0,8,0,1,0,0,1,1,0,4,1,0,0,0,0,0,0,0,0,0,33,Tony Curtis
305,0,0,0,0,0,0,0,0,0,0,1,0,87.0,0.0,1.0,0.0,0.0,0.0,1.0,0.0,0.0,0.0,0.0,0.0,0.0,0.0,0.0,0.0,0.0,0.0,0.0,1.0,0.0,The Bridge on the River Kwai  ,1,11,0,3,0,0,1,1,0,4,1,1,0,0,0,0,0,0,0,0,43,Alec Guinness
306,0,0,0,0,0,1,0,0,0,0,0,0,,0.0,0.0,0.0,0.0,0.0,1.0,0.0,0.0,0.0,0.0,0.0,0.0,0.0,0.0,0.0,0.0,0.0,0.0,0.0,0.0,A Hatful of Rain  ,0,44,2,11,0,0,0,0,0,0,0,0,0,0,0,0,0,0,0,0,29,Anthony Franciosa
307,0,0,1,0,0,0,0,0,0,0,0,0,,0.0,0.0,0.0,0.0,0.0,1.0,0.0,0.0,0.0,0.0,0.0,0.0,0.0,0.0,0.0,0.0,0.0,0.0,0.0,0.0,Wild Is the Wind  ,0,54,4,18,1,1,0,0,0,1,0,0,0,0,0,0,2,0,0,0,42,Anthony Quinn
308,0,0,1,0,0,0,0,0,0,0,0,0,,0.0,0.0,0.0,0.0,1.0,1.0,0.0,0.0,1.0,0.0,0.0,0.0,0.0,1.0,0.0,0.0,0.0,1.0,0.0,0.0,Witness for the Prosecution  ,0,34,1,12,0,0,1,1,0,3,0,1,0,1,0,0,0,0,0,0,58,Charles Laughton
309,0,0,1,0,0,0,0,0,0,0,0,0,,0.0,0.0,0.0,0.0,0.0,1.0,0.0,0.0,0.0,0.0,0.0,0.0,0.0,0.0,1.0,0.0,0.0,0.0,0.0,0.0,Sayonara  ,0,15,0,1,0,0,1,1,0,6,1,3,0,1,0,0,0,0,0,0,33,Marlon Brando
310,0,0,0,0,0,0,1,0,0,0,0,0,72.0,0.0,0.0,1.0,0.0,0.0,1.0,0.0,0.0,0.0,0.0,0.0,0.0,1.0,0.0,1.0,0.0,0.0,0.0,0.0,0.0,The King and I  ,1,55,2,14,1,1,1,1,0,5,0,0,0,0,0,0,0,0,0,0,36,Yul Brynner
311,0,0,0,0,0,0,0,0,0,0,1,0,84.0,0.0,0.0,0.0,0.0,0.0,1.0,0.0,0.0,0.0,0.0,0.0,0.0,0.0,0.0,0.0,0.0,0.0,0.0,0.0,1.0,Giant  ,0,15,1,5,0,0,1,1,0,5,1,1,0,0,0,0,0,0,0,0,25,James Dean
312,0,0,0,0,0,0,0,0,0,0,0,1,,0.0,0.0,1.0,0.0,0.0,1.0,0.0,0.0,0.0,0.0,0.0,0.0,0.0,0.0,0.0,0.0,0.0,0.0,0.0,0.0,Lust for Life  ,0,45,2,12,0,0,0,0,0,2,1,2,0,0,0,0,0,0,0,0,40,Kirk Douglas
313,0,0,1,0,0,0,0,0,0,0,0,0,,0.0,0.0,1.0,0.0,0.0,1.0,0.0,0.0,0.0,1.0,0.0,0.0,0.0,0.0,0.0,0.0,0.0,0.0,1.0,0.0,Richard III  ,0,3,0,3,0,0,0,0,0,0,0,3,0,1,0,0,0,1,0,1,49,Laurence Olivier
314,0,0,0,0,0,0,0,0,0,0,1,0,84.0,0.0,0.0,0.0,0.0,0.0,1.0,0.0,0.0,0.0,0.0,0.0,0.0,0.0,0.0,0.0,0.0,0.0,0.0,0.0,1.0,Giant  ,0,16,1,5,0,0,1,1,0,5,1,0,0,0,0,0,0,0,0,0,31,Rock Hudson
315,1,0,0,0,0,0,0,0,0,0,0,0,,0.0,0.0,0.0,0.0,0.0,1.0,0.0,0.0,0.0,0.0,0.0,0.0,0.0,0.0,1.0,0.0,0.0,0.0,0.0,0.0,Marty  ,1,7,1,2,0,0,1,1,0,4,1,0,0,0,0,0,0,0,0,0,38,Ernest Borgnine
316,0,0,1,0,0,0,0,0,0,0,0,0,,0.0,0.0,0.0,0.0,1.0,1.0,0.0,0.0,1.0,0.0,0.0,0.0,0.0,0.0,1.0,0.0,0.0,0.0,0.0,0.0,The Man with the Golden Arm  ,0,22,2,4,0,0,0,0,0,2,0,0,0,0,0,0,1,0,0,1,40,Frank Sinatra
317,0,0,0,0,0,0,0,0,1,0,0,0,,0.0,0.0,1.0,0.0,0.0,1.0,0.0,0.0,0.0,0.0,0.0,1.0,0.0,0.0,1.0,0.0,0.0,0.0,0.0,0.0,Love Me or Leave Me  ,0,36,5,16,0,0,0,0,0,3,2,1,0,1,0,0,0,0,0,0,56,James Cagney
318,0,0,0,0,0,0,0,1,0,0,0,0,72.0,0.0,0.0,0.0,0.0,0.0,1.0,0.0,0.0,0.0,0.0,0.0,0.0,0.0,0.0,0.0,0.0,0.0,0.0,0.0,0.0,East of Eden  ,0,18,0,4,0,0,0,1,0,1,1,0,0,0,0,0,0,0,0,0,24,James Dean
319,0,0,0,0,1,0,0,0,0,0,0,0,,0.0,0.0,0.0,0.0,1.0,1.0,0.0,0.0,0.0,0.0,0.0,0.0,0.0,1.0,0.0,0.0,0.0,1.0,0.0,1.0,Bad Day at Black Rock  ,0,34,6,16,0,0,0,1,0,0,1,2,0,2,0,0,0,0,0,0,55,Spencer Tracy
320,0,0,0,0,0,0,1,0,0,0,0,0,91.0,0.0,0.0,0.0,0.0,1.0,1.0,0.0,0.0,0.0,0.0,0.0,0.0,0.0,0.0,0.0,0.0,0.0,1.0,0.0,0.0,On the Waterfront  ,1,14,0,9,0,0,1,1,0,8,1,3,0,0,0,0,0,0,0,0,30,Marlon Brando
321,0,0,1,0,0,0,0,0,0,0,0,0,,0.0,0.0,0.0,0.0,0.0,1.0,0.0,0.0,0.0,0.0,0.0,1.0,0.0,0.0,0.0,0.0,0.0,0.0,0.0,0.0,The Country Girl  ,0,23,3,11,1,1,1,1,1,2,1,1,0,1,0,0,0,0,0,0,51,Bing Crosby
322,0,1,0,0,0,0,0,0,0,0,0,0,,0.0,1.0,0.0,0.0,0.0,1.0,0.0,0.0,0.0,0.0,0.0,0.0,0.0,0.0,0.0,0.0,0.0,0.0,0.0,0.0,Robinson Crusoe  ,0,1,0,0,0,0,0,0,0,0,0,0,0,0,0,0,0,0,0,0,35,Dan O'Herlihy
323,0,0,0,0,0,0,1,0,0,0,0,0,63.0,0.0,0.0,0.0,0.0,0.0,1.0,0.0,0.0,0.0,0.0,0.0,0.0,0.0,0.0,0.0,0.0,0.0,0.0,1.0,0.0,The Caine Mutiny  ,0,18,2,3,0,0,1,0,0,4,1,1,0,1,0,0,0,0,0,0,55,Humphrey Bogart
324,0,0,0,0,0,0,0,0,0,0,0,1,89.0,0.0,0.0,0.0,0.0,0.0,1.0,0.0,0.0,0.0,0.0,0.0,0.0,1.0,0.0,1.0,0.0,0.0,0.0,0.0,0.0,A Star Is Born  ,0,24,4,3,1,1,0,0,0,4,0,0,0,0,0,0,0,0,0,0,45,James Mason
325,0,0,0,0,0,0,0,0,1,0,0,0,84.0,0.0,0.0,0.0,1.0,0.0,1.0,0.0,0.0,0.0,0.0,0.0,0.0,0.0,0.0,0.0,0.0,0.0,0.0,1.0,0.0,Stalag 17  ,1,27,1,9,0,0,0,1,0,1,0,1,0,0,0,0,0,0,0,0,35,William Holden
326,0,1,0,0,0,0,0,0,0,0,0,0,85.0,0.0,0.0,0.0,0.0,0.0,1.0,0.0,0.0,0.0,0.0,0.0,0.0,0.0,0.0,1.0,0.0,0.0,0.0,1.0,0.0,From Here to Eternity  ,0,21,0,5,1,1,1,1,1,7,1,0,0,0,0,0,0,0,0,0,40,Burt Lancaster
327,0,0,0,0,0,0,0,0,1,0,0,0,,0.0,0.0,1.0,0.0,0.0,1.0,0.0,0.0,0.0,1.0,0.0,0.0,0.0,0.0,0.0,0.0,0.0,0.0,0.0,0.0,Julius Caesar  ,0,51,5,23,0,0,1,0,0,3,0,2,0,0,0,0,0,0,0,0,29,Marlon Brando
328,0,1,0,0,0,0,0,0,0,0,0,0,85.0,0.0,0.0,0.0,0.0,0.0,1.0,0.0,0.0,0.0,0.0,0.0,0.0,0.0,0.0,1.0,0.0,0.0,0.0,1.0,0.0,From Here to Eternity  ,0,19,0,5,1,1,1,1,1,7,1,2,0,0,0,0,0,0,0,0,33,Montgomery Clift
329,0,0,0,0,0,0,0,0,0,0,0,1,,0.0,0.0,0.0,0.0,0.0,1.0,0.0,0.0,0.0,1.0,0.0,0.0,0.0,0.0,0.0,0.0,0.0,0.0,0.0,0.0,The Robe  ,0,44,4,10,0,0,1,0,0,3,0,0,0,0,1,0,0,0,0,0,28,Richard Burton
330,0,0,0,0,0,0,0,0,1,0,0,0,89.0,0.0,0.0,0.0,0.0,0.0,1.0,0.0,0.0,0.0,0.0,0.0,0.0,0.0,0.0,0.0,0.0,0.0,1.0,0.0,1.0,High Noon  ,1,7,0,5,0,0,1,1,0,3,1,3,0,1,0,0,0,0,0,0,51,Gary Cooper
331,0,0,0,0,0,0,1,0,0,0,0,0,,0.0,0.0,0.0,1.0,1.0,0.0,0.0,0.0,0.0,0.0,0.0,0.0,0.0,0.0,0.0,0.0,0.0,0.0,0.0,0.0,The Lavender Hill Mob  ,0,2,0,0,0,0,0,0,0,0,1,0,0,0,0,0,0,0,0,0,38,Alec Guinness
332,0,0,1,0,0,0,0,0,0,0,0,0,,0.0,0.0,1.0,0.0,0.0,1.0,0.0,0.0,0.0,0.0,0.0,1.0,0.0,0.0,1.0,0.0,0.0,0.0,0.0,0.0,Moulin Rouge  ,0,10,0,4,0,0,1,1,0,4,0,0,0,1,1,0,0,0,0,0,40,José Ferrer
333,0,0,1,0,0,0,0,0,0,0,0,0,,0.0,0.0,0.0,0.0,0.0,1.0,0.0,0.0,0.0,0.0,0.0,0.0,0.0,0.0,1.0,0.0,0.0,0.0,0.0,0.0,The Bad and the Beautiful  ,0,44,2,19,0,0,0,0,0,4,1,1,0,0,0,0,0,0,0,0,36,Kirk Douglas
334,0,0,0,1,0,0,0,0,0,0,0,0,,0.0,0.0,1.0,0.0,0.0,1.0,0.0,0.0,0.0,1.0,0.0,0.0,0.0,0.0,0.0,0.0,0.0,0.0,0.0,1.0,Viva Zapata!  ,0,37,4,14,0,0,0,0,0,3,1,1,0,0,0,0,0,0,0,0,28,Marlon Brando
335,0,0,1,0,0,0,0,0,0,0,0,0,91.0,0.0,1.0,0.0,0.0,0.0,1.0,0.0,0.0,0.0,0.0,0.0,0.0,0.0,0.0,1.0,0.0,0.0,0.0,1.0,0.0,The African Queen  ,1,9,0,5,1,1,0,1,0,0,1,1,0,0,0,0,0,0,0,0,52,Humphrey Bogart
336,0,0,0,0,0,1,0,0,0,0,0,0,,0.0,0.0,0.0,0.0,0.0,1.0,0.0,0.0,0.0,0.0,0.0,0.0,0.0,0.0,1.0,0.0,0.0,0.0,1.0,0.0,Bright Victory  ,0,10,0,3,0,0,0,0,0,1,0,0,0,0,1,0,0,0,0,0,37,Arthur Kennedy
337,0,0,1,0,0,0,0,0,0,0,0,0,,0.0,0.0,0.0,0.0,0.0,1.0,0.0,0.0,0.0,0.0,0.0,0.0,0.0,0.0,0.0,0.0,0.0,0.0,0.0,0.0,Death of a Salesman  ,0,6,0,2,0,0,0,0,0,4,0,2,0,2,0,0,0,0,0,0,54,Fredric March
338,0,0,0,0,0,0,0,0,0,0,0,1,96.0,0.0,0.0,0.0,0.0,0.0,1.0,0.0,0.0,0.0,0.0,0.0,0.0,0.0,0.0,0.0,0.0,0.0,0.0,0.0,0.0,A Streetcar Named Desire  ,0,38,0,9,1,1,1,1,1,7,1,0,0,0,0,0,0,0,0,0,27,Marlon Brando
339,1,0,0,0,0,0,0,0,0,0,0,0,76.0,0.0,0.0,0.0,0.0,0.0,1.0,0.0,0.0,0.0,0.0,0.0,0.0,0.0,0.0,1.0,0.0,0.0,0.0,0.0,0.0,A Place in the Sun  ,0,35,0,11,1,1,1,1,1,4,1,1,0,0,0,0,0,0,0,0,31,Montgomery Clift
340,0,0,0,0,0,0,0,0,0,1,0,0,,0.0,1.0,0.0,0.0,0.0,1.0,0.0,0.0,0.0,0.0,0.0,0.0,0.0,0.0,1.0,0.0,0.0,0.0,0.0,0.0,Cyrano de Bergerac  ,1,6,2,3,0,0,0,0,0,0,0,0,0,0,1,0,0,0,0,0,38,José Ferrer
341,0,0,1,0,0,0,0,0,0,0,0,0,,0.0,0.0,0.0,1.0,0.0,1.0,0.0,1.0,0.0,0.0,0.0,0.0,0.0,0.0,0.0,0.0,0.0,0.0,0.0,0.0,Harvey  ,0,15,1,6,0,0,0,0,0,1,0,2,0,1,0,0,0,0,0,0,42,James Stewart
342,0,0,1,0,0,0,0,0,0,0,0,0,,0.0,0.0,1.0,0.0,0.0,1.0,0.0,0.0,0.0,0.0,0.0,0.0,0.0,0.0,0.0,0.0,0.0,0.0,0.0,0.0,The Magnificent Yankee  ,0,36,3,15,0,0,0,0,0,1,0,0,0,0,0,0,0,0,0,0,55,Louis Calhern
343,0,0,0,0,0,0,0,0,1,0,0,0,,0.0,0.0,0.0,1.0,0.0,0.0,0.0,0.0,0.0,0.0,0.0,0.0,0.0,0.0,1.0,0.0,0.0,0.0,0.0,0.0,Father of the Bride  ,0,32,4,13,0,0,1,0,0,0,1,1,0,2,0,0,0,0,0,0,50,Spencer Tracy
344,0,1,0,0,0,0,0,0,0,0,0,0,,0.0,0.0,0.0,0.0,0.0,1.0,0.0,0.0,1.0,0.0,0.0,0.0,0.0,0.0,0.0,0.0,0.0,0.0,0.0,0.0,Sunset Blvd.  ,0,46,3,9,1,1,1,1,1,6,1,0,0,0,0,0,0,0,0,0,32,William Holden
345,0,0,0,0,0,0,0,0,0,1,0,0,,0.0,0.0,0.0,0.0,0.0,1.0,0.0,0.0,1.0,0.0,0.0,0.0,0.0,0.0,0.0,0.0,0.0,0.0,0.0,0.0,All the King's Men  ,1,2,0,1,0,0,1,1,0,3,1,0,0,0,0,0,0,0,0,0,38,Broderick Crawford
346,0,0,1,0,0,0,0,0,0,0,0,0,,0.0,0.0,0.0,0.0,0.0,1.0,0.0,0.0,0.0,0.0,0.0,0.0,0.0,0.0,0.0,0.0,0.0,0.0,1.0,0.0,Twelve O'Clock High  ,0,40,2,16,0,0,1,0,0,2,0,3,0,0,0,0,0,0,0,0,33,Gregory Peck
347,0,0,1,0,0,0,0,0,0,0,0,0,,1.0,0.0,0.0,0.0,0.0,1.0,0.0,0.0,0.0,0.0,0.0,0.0,0.0,0.0,1.0,0.0,0.0,0.0,1.0,0.0,Sands of Iwo Jima  ,0,2,0,0,0,0,0,0,0,2,1,0,0,0,0,0,0,0,0,0,42,John Wayne
348,1,0,0,0,0,0,0,0,0,0,0,0,,0.0,0.0,0.0,0.0,0.0,1.0,0.0,0.0,1.0,0.0,0.0,0.0,0.0,0.0,0.0,0.0,1.0,0.0,0.0,0.0,Champion  ,0,4,0,1,0,0,0,0,0,4,1,0,0,0,0,0,0,0,0,0,33,Kirk Douglas
349,0,0,0,0,0,0,0,0,0,0,0,1,,0.0,0.0,0.0,0.0,0.0,1.0,0.0,0.0,0.0,0.0,0.0,0.0,0.0,0.0,0.0,0.0,0.0,0.0,1.0,0.0,The Hasty Heart  ,0,2,0,0,0,0,0,0,0,0,0,0,0,0,0,0,0,0,0,0,30,Richard Todd
350,0,0,0,0,0,0,0,0,1,0,0,0,,0.0,0.0,0.0,0.0,0.0,1.0,0.0,0.0,0.0,0.0,0.0,0.0,0.0,0.0,0.0,0.0,0.0,0.0,0.0,0.0,Hamlet  ,1,2,0,0,0,0,1,1,0,4,0,3,0,0,0,0,0,0,1,1,41,Laurence Olivier
351,0,0,0,0,0,0,0,1,0,0,0,0,,0.0,0.0,0.0,1.0,0.0,0.0,1.0,0.0,0.0,0.0,0.0,0.0,0.0,0.0,0.0,0.0,0.0,0.0,0.0,0.0,Sitting Pretty  ,0,19,1,9,0,0,0,0,0,0,0,0,0,0,2,0,0,0,0,0,59,Clifton Webb
352,0,0,0,0,0,0,0,0,0,1,0,0,,0.0,0.0,0.0,0.0,0.0,0.0,0.0,0.0,0.0,0.0,0.0,0.0,1.0,0.0,0.0,0.0,0.0,0.0,0.0,0.0,When My Baby Smiles at Me  ,0,27,1,12,0,0,0,0,0,1,0,0,0,0,0,0,0,0,0,0,33,Dan Dailey
353,0,0,0,0,0,0,0,0,0,0,0,1,,0.0,0.0,0.0,0.0,0.0,1.0,0.0,0.0,0.0,0.0,0.0,0.0,0.0,0.0,0.0,0.0,0.0,0.0,0.0,0.0,Johnny Belinda  ,0,27,0,1,1,1,1,1,1,7,1,0,0,0,0,0,0,0,0,0,40,Lew Ayres
354,0,0,0,0,0,0,0,1,0,0,0,0,,0.0,0.0,0.0,0.0,0.0,1.0,0.0,0.0,0.0,0.0,0.0,0.0,0.0,0.0,0.0,0.0,0.0,0.0,1.0,0.0,The Search  ,0,2,0,1,0,0,0,1,0,1,2,0,0,0,0,0,0,0,0,0,28,Montgomery Clift
355,0,0,1,0,0,0,0,0,0,0,0,0,,0.0,0.0,0.0,0.0,1.0,1.0,0.0,0.0,1.0,0.0,0.0,0.0,0.0,0.0,0.0,0.0,0.0,0.0,0.0,0.0,A Double Life  ,1,9,2,2,0,0,0,1,0,1,1,3,0,0,0,0,0,0,0,0,56,Ronald Colman
356,0,0,0,0,0,0,0,0,0,1,0,0,,0.0,0.0,0.0,0.0,0.0,1.0,0.0,0.0,0.0,0.0,0.0,0.0,0.0,0.0,1.0,0.0,0.0,0.0,0.0,0.0,Gentleman's Agreement  ,0,25,2,13,1,1,1,1,1,3,1,2,0,0,0,0,0,0,0,0,31,Gregory Peck
357,0,0,0,0,0,0,0,0,0,1,0,0,,0.0,0.0,0.0,0.0,0.0,1.0,0.0,0.0,1.0,0.0,0.0,0.0,0.0,0.0,0.0,0.0,1.0,0.0,0.0,0.0,Body and Soul  ,0,8,1,2,0,0,0,0,0,1,1,0,0,0,1,0,0,0,0,0,34,John Garfield
358,0,0,0,0,0,0,0,0,0,1,0,0,,0.0,0.0,0.0,0.0,0.0,1.0,0.0,0.0,0.0,0.0,0.0,0.0,0.0,0.0,0.0,0.0,0.0,0.0,0.0,0.0,Mourning Becomes Electra  ,0,23,0,3,1,1,0,0,0,0,0,0,0,0,0,0,0,0,0,0,39,Michael Redgrave
359,0,1,0,0,0,0,0,0,0,0,0,0,,0.0,0.0,0.0,1.0,0.0,0.0,0.0,0.0,0.0,0.0,0.0,0.0,0.0,0.0,0.0,0.0,0.0,0.0,0.0,0.0,Life with Father  ,0,25,1,3,0,0,0,0,0,3,0,2,0,0,0,0,0,0,0,0,55,William Powell
360,0,0,0,0,0,0,0,0,0,1,0,0,92.0,0.0,0.0,0.0,0.0,0.0,1.0,0.0,0.0,0.0,0.0,0.0,0.0,0.0,0.0,1.0,0.0,0.0,0.0,1.0,0.0,The Best Years of Our Lives  ,1,26,0,5,0,0,1,1,0,5,1,2,0,1,0,0,0,0,0,0,49,Fredric March
361,0,0,1,0,0,0,0,0,0,0,0,0,89.0,0.0,0.0,0.0,0.0,0.0,1.0,1.0,0.0,0.0,0.0,0.0,0.0,0.0,0.0,0.0,0.0,0.0,0.0,0.0,1.0,The Yearling  ,0,44,0,11,1,1,1,1,0,3,0,1,0,0,0,0,0,0,0,0,30,Gregory Peck
362,0,0,1,0,0,0,0,0,0,0,0,0,89.0,0.0,0.0,0.0,0.0,0.0,1.0,1.0,1.0,0.0,0.0,0.0,0.0,0.0,0.0,0.0,0.0,0.0,0.0,0.0,0.0,It's a Wonderful Life  ,0,35,1,9,0,0,1,1,0,2,0,1,0,1,0,0,0,0,0,0,38,James Stewart
363,0,0,0,0,0,0,0,0,0,0,1,0,,0.0,0.0,1.0,0.0,0.0,1.0,0.0,0.0,0.0,0.0,0.0,1.0,0.0,0.0,0.0,0.0,0.0,0.0,0.0,0.0,The Jolson Story  ,0,27,0,4,0,0,0,0,0,5,0,0,0,0,0,0,0,0,0,0,32,Larry Parks
364,0,0,0,0,0,0,0,0,0,1,0,0,,0.0,0.0,1.0,0.0,0.0,1.0,0.0,0.0,0.0,1.0,0.0,0.0,0.0,0.0,0.0,0.0,0.0,0.0,1.0,0.0,The Chronicle History of King Henry the Fifth with His Battell Fought at Agincourt in France  ,0,0,0,0,0,0,1,0,0,3,0,2,0,0,0,0,0,0,1,0,39,Laurence Olivier
365,0,0,0,0,0,0,0,0,0,0,1,0,,0.0,0.0,0.0,0.0,0.0,1.0,0.0,0.0,1.0,0.0,0.0,0.0,0.0,0.0,0.0,0.0,0.0,0.0,0.0,0.0,The Lost Weekend  ,1,35,2,3,0,0,1,1,0,3,1,0,0,0,0,0,0,0,0,0,38,Ray Milland
366,0,0,1,0,0,0,0,0,0,0,0,0,,0.0,0.0,0.0,0.0,0.0,1.0,0.0,0.0,0.0,0.0,0.0,0.0,0.0,0.0,0.0,0.0,0.0,0.0,0.0,0.0,The Bells of St. Mary's  ,0,22,3,7,1,1,1,1,0,4,0,0,0,1,0,0,0,0,0,0,42,Bing Crosby
367,0,0,0,0,1,0,0,0,0,0,0,0,,0.0,0.0,1.0,0.0,0.0,1.0,0.0,0.0,0.0,0.0,0.0,1.0,0.0,0.0,0.0,0.0,0.0,0.0,0.0,0.0,A Song to Remember  ,0,27,1,4,0,0,0,0,0,4,1,0,0,0,0,0,0,0,0,0,33,Cornel Wilde
368,0,0,0,0,0,1,0,0,0,0,0,0,,0.0,0.0,0.0,1.0,0.0,0.0,0.0,1.0,0.0,0.0,0.0,1.0,1.0,0.0,1.0,0.0,0.0,0.0,1.0,0.0,Anchors Aweigh  ,0,25,5,10,0,0,1,0,0,3,0,0,0,0,0,0,0,0,0,0,33,Gene Kelly
369,0,0,1,0,0,0,0,0,0,0,0,0,,0.0,0.0,0.0,0.0,0.0,1.0,0.0,0.0,0.0,0.0,0.0,0.0,0.0,0.0,0.0,0.0,0.0,0.0,0.0,0.0,The Keys of the Kingdom  ,0,25,3,11,0,0,0,0,0,3,0,0,0,0,0,0,0,0,0,0,29,Gregory Peck
370,0,0,0,0,0,0,0,0,1,0,0,0,,0.0,0.0,0.0,1.0,0.0,1.0,0.0,0.0,0.0,0.0,0.0,1.0,0.0,0.0,0.0,0.0,0.0,0.0,0.0,0.0,Going My Way  ,1,29,4,4,0,0,1,1,0,4,2,0,0,0,0,0,0,0,0,0,41,Bing Crosby
371,0,1,0,0,0,0,0,0,0,0,0,0,,0.0,0.0,1.0,0.0,0.0,1.0,0.0,0.0,0.0,1.0,0.0,1.0,0.0,0.0,1.0,0.0,0.0,0.0,0.0,0.0,Wilson  ,0,35,1,12,0,0,1,1,0,6,1,0,0,0,0,0,0,0,0,0,37,Alexander Knox
372,0,0,0,0,0,0,0,0,1,0,0,0,,0.0,0.0,0.0,1.0,0.0,1.0,0.0,0.0,0.0,0.0,0.0,1.0,0.0,0.0,0.0,0.0,0.0,0.0,0.0,0.0,Going My Way  ,0,29,4,4,0,0,1,1,0,4,2,0,0,0,0,1,0,0,0,0,56,Barry Fitzgerald
373,0,0,0,0,0,0,0,0,0,0,1,0,,0.0,0.0,0.0,0.0,0.0,1.0,0.0,0.0,0.0,0.0,0.0,0.0,0.0,0.0,1.0,0.0,0.0,0.0,0.0,0.0,None But the Lonely Heart  ,0,14,4,1,0,0,0,0,0,3,0,1,0,0,0,0,0,0,0,0,40,Cary Grant
374,0,0,0,0,0,0,0,0,1,0,0,0,,0.0,0.0,0.0,0.0,1.0,1.0,0.0,0.0,1.0,0.0,0.0,0.0,0.0,1.0,0.0,0.0,0.0,1.0,0.0,0.0,Gaslight  ,0,33,3,10,1,1,1,0,0,3,1,2,0,0,0,0,0,0,0,1,45,Charles Boyer
375,0,1,0,0,0,0,0,0,0,0,0,0,,0.0,0.0,0.0,0.0,0.0,1.0,0.0,0.0,0.0,0.0,0.0,0.0,0.0,0.0,0.0,0.0,0.0,0.0,0.0,0.0,Watch on the Rhine  ,1,11,3,4,0,0,1,0,0,1,1,0,0,0,0,0,0,0,0,0,52,Paul Lukas
376,0,0,0,0,0,1,0,0,0,0,0,0,,0.0,1.0,0.0,0.0,0.0,1.0,0.0,0.0,0.0,1.0,0.0,0.0,0.0,0.0,1.0,0.0,0.0,0.0,1.0,0.0,For Whom the Bell Tolls  ,0,34,3,10,1,1,1,0,0,6,0,2,0,1,0,0,0,0,0,0,42,Gary Cooper
377,0,0,0,0,0,0,0,0,0,1,0,0,100.0,0.0,0.0,0.0,0.0,0.0,1.0,0.0,0.0,0.0,0.0,0.0,0.0,0.0,0.0,1.0,0.0,0.0,0.0,1.0,0.0,Casablanca  ,0,13,3,2,0,0,1,1,0,4,1,0,0,0,0,0,0,0,0,0,44,Humphrey Bogart
378,0,0,0,0,0,0,0,1,0,0,0,0,,0.0,0.0,0.0,1.0,0.0,1.0,1.0,0.0,0.0,0.0,0.0,0.0,0.0,0.0,0.0,0.0,0.0,0.0,0.0,0.0,The Human Comedy  ,0,28,3,12,0,0,1,1,0,1,1,1,0,0,0,0,0,0,0,1,23,Mickey Rooney
379,0,0,1,0,0,0,0,0,0,0,0,0,,0.0,0.0,1.0,0.0,0.0,1.0,0.0,0.0,0.0,0.0,0.0,0.0,0.0,0.0,1.0,0.0,0.0,0.0,0.0,0.0,Madame Curie  ,0,35,1,12,1,1,1,0,0,4,0,1,0,0,0,0,0,0,0,0,46,Walter Pidgeon
380,0,0,0,0,0,0,0,0,1,0,0,0,,0.0,0.0,1.0,0.0,0.0,1.0,0.0,0.0,0.0,0.0,0.0,0.0,1.0,0.0,0.0,0.0,0.0,0.0,0.0,0.0,Yankee Doodle Dandy  ,1,27,3,2,0,0,1,1,0,4,1,1,0,0,0,0,0,0,0,0,43,James Cagney
381,0,0,0,0,0,1,0,0,0,0,0,0,,0.0,0.0,1.0,0.0,0.0,1.0,0.0,0.0,0.0,0.0,0.0,0.0,0.0,0.0,1.0,0.0,1.0,0.0,0.0,0.0,The Pride of the Yankees  ,0,18,3,7,1,1,1,0,0,6,2,1,0,1,0,0,0,0,0,0,41,Gary Cooper
382,0,0,0,0,0,1,0,0,0,0,0,0,,0.0,0.0,0.0,0.0,0.0,1.0,0.0,0.0,0.0,0.0,0.0,0.0,0.0,0.0,0.0,0.0,0.0,0.0,1.0,0.0,The Pied Piper  ,0,11,4,3,0,0,1,0,0,1,0,0,0,0,0,0,0,0,0,0,54,Monty Woolley
383,0,0,1,0,0,0,0,0,0,0,0,0,,0.0,0.0,0.0,0.0,0.0,1.0,0.0,0.0,0.0,0.0,0.0,0.0,0.0,0.0,1.0,0.0,0.0,0.0,0.0,0.0,Random Harvest  ,0,25,7,9,0,0,1,1,0,3,1,2,0,0,0,0,0,0,0,0,51,Ronald Colman
384,0,0,0,0,0,0,1,0,0,0,0,0,,0.0,0.0,0.0,0.0,0.0,1.0,0.0,0.0,0.0,0.0,0.0,0.0,0.0,0.0,1.0,0.0,0.0,0.0,1.0,0.0,Mrs. Miniver  ,0,30,3,9,1,1,1,1,1,7,1,0,0,0,0,0,0,0,0,0,45,Walter Pidgeon
385,0,0,0,0,0,1,0,0,0,0,0,0,,0.0,0.0,1.0,0.0,0.0,1.0,0.0,0.0,0.0,1.0,0.0,0.0,0.0,0.0,1.0,0.0,0.0,0.0,1.0,0.0,Sergeant York  ,1,7,1,4,0,0,1,1,0,7,1,1,0,0,0,0,0,0,0,0,40,Gary Cooper
386,1,0,0,0,0,0,0,0,0,0,0,0,,0.0,0.0,0.0,0.0,0.0,1.0,0.0,0.0,0.0,0.0,0.0,0.0,0.0,0.0,1.0,0.0,0.0,0.0,0.0,0.0,Penny Serenade  ,0,15,2,0,0,0,0,0,0,0,0,0,0,0,0,0,0,0,0,0,37,Cary Grant
387,0,0,0,0,0,0,0,0,1,0,0,0,100.0,0.0,0.0,0.0,0.0,0.0,1.0,0.0,0.0,0.0,0.0,0.0,0.0,0.0,1.0,0.0,0.0,0.0,0.0,0.0,0.0,Citizen Kane  ,0,17,0,1,0,0,1,1,0,5,1,0,0,0,0,0,0,0,2,0,26,Orson Welles
388,0,1,0,0,0,0,0,0,0,0,0,0,,0.0,0.0,0.0,1.0,0.0,0.0,0.0,1.0,0.0,0.0,0.0,0.0,0.0,0.0,1.0,0.0,0.0,0.0,0.0,0.0,Here Comes Mr. Jordan  ,0,8,1,0,0,0,1,1,0,2,2,1,0,0,0,0,0,0,0,0,37,Robert Montgomery
389,0,0,0,0,0,0,0,0,0,0,1,0,,0.0,0.0,0.0,1.0,0.0,1.0,0.0,1.0,0.0,0.0,0.0,0.0,0.0,0.0,0.0,0.0,0.0,0.0,0.0,0.0,All That Money Can Buy  ,0,12,2,2,0,0,0,0,0,1,0,1,0,0,0,0,0,0,0,0,58,Walter Huston
390,0,0,1,0,0,0,0,0,0,0,0,0,96.0,0.0,0.0,0.0,1.0,0.0,0.0,0.0,0.0,0.0,0.0,0.0,0.0,0.0,0.0,1.0,0.0,0.0,0.0,0.0,0.0,The Philadelphia Story  ,1,16,5,7,1,1,1,1,1,1,1,1,0,0,0,0,0,0,0,0,32,James Stewart
391,0,0,0,0,0,0,0,0,0,0,1,0,,0.0,0.0,0.0,1.0,0.0,1.0,0.0,0.0,0.0,0.0,0.0,0.0,0.0,0.0,0.0,0.0,0.0,0.0,1.0,0.0,The Great Dictator  ,0,4,1,1,0,0,1,0,0,2,1,0,0,0,0,0,0,0,1,1,51,Charles Chaplin
392,0,0,0,0,1,0,0,0,0,0,0,0,96.0,0.0,0.0,0.0,0.0,0.0,1.0,0.0,0.0,0.0,1.0,0.0,0.0,0.0,0.0,0.0,0.0,0.0,0.0,0.0,0.0,The Grapes of Wrath  ,0,16,5,5,0,0,1,1,0,3,1,0,0,0,0,0,0,0,0,0,35,Henry Fonda
393,0,0,0,0,0,0,0,1,0,0,0,0,,0.0,0.0,0.0,0.0,0.0,1.0,0.0,0.0,0.0,0.0,0.0,0.0,0.0,1.0,1.0,0.0,0.0,1.0,0.0,0.0,Rebecca  ,0,13,1,5,1,1,1,1,1,6,1,1,0,0,0,0,0,0,0,0,33,Laurence Olivier
394,0,0,0,0,1,0,0,0,0,0,0,0,,0.0,0.0,1.0,0.0,0.0,1.0,0.0,0.0,0.0,1.0,0.0,0.0,0.0,0.0,0.0,0.0,0.0,0.0,0.0,0.0,Abe Lincoln in Illinois  ,0,10,3,0,0,0,0,0,0,1,0,0,0,0,0,0,0,0,0,0,44,Raymond Massey
395,0,0,0,0,0,0,0,0,1,0,0,0,,0.0,0.0,0.0,0.0,0.0,1.0,0.0,0.0,0.0,0.0,0.0,0.0,0.0,0.0,1.0,0.0,0.0,0.0,0.0,0.0,"Goodbye, Mr. Chips  ",1,1,0,0,1,1,1,1,1,2,1,1,0,0,0,0,0,0,0,0,34,Robert Donat
396,0,0,1,0,0,0,0,0,0,0,0,0,97.0,0.0,0.0,0.0,0.0,0.0,1.0,0.0,0.0,0.0,1.0,0.0,0.0,0.0,0.0,1.0,0.0,0.0,0.0,1.0,0.0,Gone with the Wind  ,0,21,5,9,1,1,1,1,1,10,1,1,0,1,0,0,0,0,0,0,38,Clark Gable
397,0,0,0,0,0,0,0,0,0,0,1,0,73.0,0.0,0.0,0.0,1.0,0.0,1.0,0.0,0.0,0.0,0.0,0.0,0.0,0.0,0.0,0.0,0.0,0.0,0.0,0.0,0.0,Mr. Smith Goes to Washington  ,0,13,2,5,0,0,1,1,0,6,2,0,0,0,0,0,0,0,0,0,31,James Stewart
398,0,0,0,0,0,0,0,1,0,0,0,0,,0.0,0.0,0.0,0.0,0.0,1.0,0.0,0.0,0.0,0.0,0.0,0.0,0.0,0.0,1.0,0.0,0.0,0.0,0.0,0.0,Wuthering Heights  ,0,8,2,2,0,0,1,1,0,4,1,0,0,0,0,0,0,0,0,0,32,Laurence Olivier
399,0,0,0,0,0,0,0,0,0,0,0,1,,0.0,0.0,0.0,1.0,0.0,0.0,0.0,0.0,0.0,0.0,0.0,0.0,1.0,0.0,0.0,0.0,0.0,0.0,0.0,0.0,Babes in Arms  ,0,15,3,6,0,0,0,0,0,1,0,0,0,0,0,0,0,0,0,1,19,Mickey Rooney
400,0,0,0,0,0,0,0,0,0,0,0,1,,0.0,0.0,1.0,0.0,0.0,1.0,0.0,0.0,0.0,0.0,0.0,0.0,0.0,0.0,0.0,0.0,0.0,0.0,0.0,0.0,Boys Town  ,1,8,2,6,0,0,1,1,0,0,2,1,0,1,0,0,0,0,0,0,38,Spencer Tracy
401,0,0,0,0,1,0,0,0,0,0,0,0,,0.0,0.0,0.0,0.0,0.0,1.0,0.0,0.0,0.0,0.0,0.0,0.0,0.0,1.0,1.0,0.0,0.0,0.0,0.0,0.0,Algiers  ,0,1,1,0,0,0,0,0,0,3,0,1,0,0,0,0,0,0,0,0,39,Charles Boyer
402,0,0,0,0,0,0,0,0,0,1,0,0,,0.0,0.0,0.0,0.0,1.0,1.0,0.0,0.0,1.0,0.0,0.0,0.0,0.0,0.0,0.0,0.0,0.0,1.0,0.0,0.0,Angels with Dirty Faces  ,0,6,1,2,0,0,0,1,0,0,1,0,0,0,0,0,0,0,0,0,39,James Cagney
403,0,1,0,0,0,0,0,0,0,0,0,0,,0.0,0.0,0.0,1.0,0.0,1.0,0.0,0.0,0.0,0.0,0.0,0.0,0.0,0.0,1.0,0.0,0.0,0.0,0.0,0.0,Pygmalion  ,0,0,1,0,1,1,1,0,0,0,1,1,0,0,0,0,0,0,0,0,45,Leslie Howard
404,0,0,0,0,0,0,0,0,0,0,1,0,,0.0,0.0,0.0,0.0,0.0,1.0,0.0,0.0,0.0,0.0,0.0,0.0,0.0,0.0,0.0,0.0,0.0,0.0,0.0,0.0,The Citadel  ,0,4,2,0,0,0,1,1,0,0,1,0,0,0,0,0,0,0,0,0,33,Robert Donat
405,0,0,0,0,0,0,0,0,1,0,0,0,,0.0,1.0,0.0,0.0,0.0,1.0,1.0,0.0,0.0,0.0,0.0,0.0,0.0,0.0,0.0,0.0,0.0,0.0,0.0,0.0,Captains Courageous  ,1,5,2,7,0,0,1,0,0,1,1,1,0,0,0,0,0,0,0,0,37,Spencer Tracy
406,0,0,0,0,0,0,0,0,0,0,1,0,,0.0,0.0,0.0,0.0,0.0,1.0,0.0,0.0,0.0,1.0,0.0,0.0,0.0,0.0,1.0,0.0,0.0,0.0,0.0,0.0,Conquest  ,0,12,4,5,0,0,0,0,0,1,0,0,0,0,0,0,0,0,0,0,38,Charles Boyer
407,1,0,0,0,0,0,0,0,0,0,0,0,77.0,0.0,0.0,0.0,0.0,0.0,1.0,0.0,0.0,0.0,0.0,0.0,0.0,0.0,0.0,1.0,0.0,0.0,0.0,0.0,0.0,A Star Is Born  ,0,8,2,6,1,1,1,1,1,2,2,1,0,1,0,0,0,0,0,0,40,Fredric March
408,0,1,0,0,0,0,0,0,0,0,0,0,,0.0,0.0,1.0,0.0,0.0,1.0,0.0,0.0,0.0,0.0,0.0,0.0,0.0,0.0,0.0,0.0,0.0,0.0,0.0,0.0,The Life of Emile Zola  ,0,3,0,2,0,0,1,1,0,5,2,3,0,1,0,0,0,0,0,0,42,Paul Muni
409,1,0,0,0,0,0,0,0,0,0,0,0,,0.0,0.0,0.0,0.0,0.0,1.0,0.0,0.0,0.0,0.0,0.0,0.0,0.0,1.0,0.0,0.0,0.0,1.0,0.0,0.0,Night Must Fall  ,0,7,2,5,0,0,0,0,0,1,0,0,0,0,0,0,0,0,0,0,33,Robert Montgomery
410,0,0,0,1,0,0,0,0,0,0,0,0,,0.0,0.0,1.0,0.0,0.0,1.0,0.0,0.0,0.0,1.0,0.0,0.0,0.0,0.0,0.0,0.0,0.0,0.0,0.0,0.0,The Story of Louis Pasteur  ,1,6,4,1,0,0,1,0,0,0,2,3,0,0,0,0,0,0,0,0,41,Paul Muni
411,1,0,0,0,0,0,0,0,0,0,0,0,,0.0,0.0,0.0,1.0,0.0,1.0,0.0,0.0,0.0,0.0,0.0,0.0,0.0,0.0,1.0,0.0,0.0,0.0,0.0,0.0,Mr. Deeds Goes to Town  ,0,5,0,3,0,0,1,1,0,1,1,0,0,0,0,0,0,0,0,0,35,Gary Cooper
412,0,0,0,0,0,0,1,0,0,0,0,0,,0.0,0.0,0.0,0.0,0.0,1.0,0.0,0.0,0.0,0.0,0.0,0.0,1.0,0.0,1.0,0.0,0.0,0.0,0.0,0.0,San Francisco  ,0,5,2,5,0,0,1,1,0,2,1,0,0,0,0,0,0,0,0,0,36,Spencer Tracy
413,0,0,0,0,0,0,0,0,0,0,0,1,,0.0,0.0,0.0,0.0,0.0,1.0,0.0,0.0,0.0,0.0,0.0,0.0,0.0,0.0,1.0,0.0,0.0,0.0,0.0,0.0,Dodsworth  ,0,7,0,1,0,0,1,1,0,3,1,0,0,0,0,0,0,0,0,0,53,Walter Huston
414,0,0,0,0,0,0,0,0,0,0,0,1,,0.0,0.0,0.0,1.0,0.0,1.0,0.0,0.0,0.0,0.0,0.0,0.0,0.0,0.0,1.0,0.0,0.0,0.0,0.0,0.0,My Man Godfrey  ,0,1,1,0,1,1,0,1,0,2,1,1,0,0,0,0,0,0,0,0,44,William Powell
415,0,0,0,0,0,0,0,0,1,0,0,0,,0.0,0.0,0.0,0.0,1.0,1.0,0.0,0.0,0.0,0.0,0.0,0.0,0.0,0.0,0.0,0.0,0.0,0.0,0.0,0.0,The Informer  ,1,1,1,0,0,0,1,1,0,2,1,0,0,0,0,0,0,0,0,0,49,Victor McLaglen
416,0,0,0,0,0,0,0,0,0,1,0,0,87.0,0.0,1.0,1.0,0.0,0.0,1.0,0.0,0.0,0.0,1.0,0.0,0.0,0.0,0.0,1.0,0.0,0.0,0.0,0.0,0.0,Mutiny on the Bounty  ,0,6,1,7,0,0,1,1,0,2,1,0,0,1,0,0,0,0,0,0,36,Charles Laughton
417,0,0,0,0,0,0,0,0,0,1,0,0,87.0,0.0,1.0,1.0,0.0,0.0,1.0,0.0,0.0,0.0,1.0,0.0,0.0,0.0,0.0,1.0,0.0,0.0,0.0,0.0,0.0,Mutiny on the Bounty  ,0,6,1,7,0,0,1,1,0,2,1,0,0,1,0,0,0,0,0,0,34,Clark Gable
418,0,0,0,0,0,0,0,0,0,1,0,0,87.0,0.0,1.0,1.0,0.0,0.0,1.0,0.0,0.0,0.0,1.0,0.0,0.0,0.0,0.0,1.0,0.0,0.0,0.0,0.0,0.0,Mutiny on the Bounty  ,0,6,1,8,0,0,1,1,0,2,1,0,0,0,0,0,0,0,0,0,30,Franchot Tone
419,1,0,0,0,0,0,0,0,0,0,0,0,,0.0,0.0,0.0,0.0,1.0,1.0,0.0,0.0,0.0,0.0,0.0,0.0,0.0,0.0,1.0,0.0,0.0,0.0,0.0,0.0,Black Fury  ,0,0,1,1,0,0,0,0,0,0,0,2,0,0,0,0,0,0,0,0,40,Paul Muni
420,0,0,0,1,0,0,0,0,0,0,0,0,87.0,0.0,0.0,0.0,1.0,0.0,0.0,0.0,0.0,0.0,0.0,0.0,0.0,0.0,0.0,1.0,0.0,0.0,0.0,0.0,0.0,It Happened One Night  ,1,3,0,0,1,1,1,1,1,0,1,0,0,0,0,0,0,0,0,0,33,Clark Gable
421,0,1,0,0,0,0,0,0,0,0,0,0,,0.0,0.0,0.0,1.0,0.0,1.0,0.0,0.0,0.0,1.0,0.0,0.0,0.0,0.0,0.0,0.0,0.0,0.0,0.0,0.0,The Affairs of Cellini  ,0,5,0,2,0,0,0,0,0,3,0,0,0,0,0,0,0,0,0,0,44,Frank Morgan
422,0,0,0,0,0,0,0,0,1,0,0,0,,0.0,0.0,0.0,1.0,1.0,0.0,0.0,0.0,0.0,0.0,0.0,0.0,0.0,1.0,0.0,0.0,0.0,0.0,0.0,0.0,The Thin Man  ,0,1,2,2,0,0,1,1,0,0,1,0,0,0,0,0,0,0,0,0,42,William Powell
423,0,1,0,0,0,0,0,0,0,0,0,0,,0.0,0.0,1.0,1.0,0.0,1.0,0.0,0.0,0.0,1.0,0.0,0.0,0.0,0.0,1.0,0.0,0.0,0.0,0.0,0.0,The Private Life of Henry VIII.  ,1,1,0,0,0,0,1,0,0,0,0,0,0,0,0,0,0,0,0,0,34,Charles Laughton
424,0,0,0,0,0,0,0,0,0,0,0,1,,0.0,0.0,0.0,0.0,0.0,0.0,0.0,1.0,0.0,0.0,0.0,0.0,0.0,0.0,1.0,0.0,0.0,0.0,0.0,0.0,Berkeley Square  ,0,4,3,1,0,0,0,0,0,0,0,0,0,0,0,0,0,0,0,0,40,Leslie Howard
425,0,0,0,0,0,0,0,0,0,1,0,0,,0.0,0.0,0.0,0.0,1.0,1.0,0.0,0.0,1.0,0.0,0.0,0.0,0.0,0.0,0.0,0.0,0.0,0.0,0.0,0.0,I Am a Fugitive from a Chain Gang  ,0,1,0,0,0,0,1,0,0,1,0,1,0,0,0,0,0,0,0,0,38,Paul Muni
426,0,0,1,0,0,0,0,0,0,0,0,0,,0.0,0.0,0.0,0.0,0.0,0.0,0.0,0.0,0.0,0.0,1.0,0.0,0.0,0.0,0.0,1.0,0.0,0.0,0.0,0.0,Dr. Jekyll and Mr. Hyde  ,1,4,0,1,0,0,0,0,0,1,1,1,0,0,0,0,0,0,0,0,34,Fredric March
427,0,0,0,0,0,0,0,0,0,1,0,0,,0.0,0.0,0.0,0.0,0.0,1.0,0.0,0.0,0.0,0.0,0.0,0.0,0.0,0.0,0.0,0.0,1.0,0.0,0.0,0.0,The Champ  ,1,3,0,3,0,0,1,1,0,0,1,1,0,0,0,0,0,0,0,0,46,Wallace Beery
428,0,0,0,0,0,0,0,0,0,1,0,0,,0.0,0.0,0.0,1.0,0.0,1.0,0.0,0.0,0.0,0.0,0.0,0.0,0.0,0.0,0.0,0.0,0.0,0.0,0.0,0.0,The Guardsman  ,0,1,0,2,1,1,0,0,0,0,0,0,0,0,0,0,0,0,0,0,39,Alfred Lunt
429,0,0,0,0,0,0,1,0,0,0,0,0,,0.0,0.0,0.0,0.0,1.0,1.0,0.0,0.0,0.0,0.0,0.0,0.0,0.0,0.0,1.0,0.0,0.0,0.0,0.0,0.0,A Free Soul  ,1,5,0,3,1,1,0,1,0,0,0,0,0,0,0,0,0,1,0,0,52,Lionel Barrymore
430,0,0,0,0,0,0,0,1,0,0,0,0,,0.0,0.0,0.0,1.0,0.0,0.0,0.0,0.0,0.0,0.0,0.0,0.0,0.0,0.0,0.0,0.0,0.0,0.0,0.0,0.0,The Front Page  ,0,1,1,3,0,0,1,1,0,0,0,0,0,0,0,0,0,0,0,0,40,Adolphe Menjou
431,0,0,1,0,0,0,0,0,0,0,0,0,,0.0,0.0,0.0,1.0,0.0,0.0,0.0,0.0,0.0,0.0,0.0,0.0,0.0,0.0,0.0,0.0,0.0,0.0,0.0,0.0,The Royal Family of Broadway  ,0,0,0,0,0,0,0,0,0,0,0,0,0,0,0,0,0,0,0,0,33,Fredric March
432,1,0,0,0,0,0,0,0,0,0,0,0,,0.0,0.0,0.0,1.0,0.0,1.0,1.0,0.0,0.0,0.0,0.0,0.0,0.0,0.0,0.0,0.0,0.0,0.0,0.0,0.0,Skippy  ,0,0,0,1,0,0,1,1,0,0,1,0,0,0,0,0,0,0,0,0,8,Jackie Cooper
433,0,0,0,0,1,0,0,0,0,0,0,0,,0.0,0.0,0.0,0.0,0.0,1.0,0.0,0.0,0.0,0.0,0.0,0.0,0.0,0.0,0.0,0.0,0.0,0.0,0.0,1.0,Cimarron  ,0,1,0,0,1,1,1,1,1,2,1,0,0,0,0,0,0,0,0,0,37,Richard Dix
434,0,0,0,0,0,0,0,0,0,0,1,0,,0.0,0.0,1.0,0.0,0.0,1.0,0.0,0.0,0.0,1.0,0.0,0.0,0.0,0.0,0.0,0.0,0.0,0.0,0.0,0.0,Disraeli  ,1,0,0,0,0,0,1,0,0,0,1,0,1,0,0,0,0,0,0,0,61,George Arliss
435,0,0,0,1,0,0,0,0,0,0,0,0,,0.0,1.0,0.0,0.0,0.0,0.0,0.0,0.0,0.0,0.0,0.0,0.0,0.0,0.0,0.0,0.0,0.0,0.0,0.0,0.0,The Green Goddess  ,0,0,1,0,0,0,0,0,0,0,0,0,1,0,0,0,0,0,0,0,61,George Arliss
436,0,0,0,0,0,0,0,0,1,0,0,0,,0.0,0.0,0.0,0.0,0.0,0.0,0.0,0.0,0.0,0.0,0.0,0.0,1.0,0.0,1.0,0.0,0.0,0.0,0.0,0.0,The Rogue Song  ,0,0,4,0,0,0,0,0,0,0,0,0,0,0,0,0,0,0,0,0,33,Lawrence Tibbett
437,0,0,0,0,0,0,0,0,0,1,0,0,,0.0,0.0,0.0,1.0,0.0,0.0,0.0,0.0,0.0,0.0,0.0,0.0,1.0,0.0,1.0,0.0,0.0,0.0,0.0,0.0,The Love Parade  ,0,0,3,0,0,0,1,1,0,3,0,0,1,0,0,0,0,0,0,0,41,Maurice Chevalier
438,0,0,0,0,0,0,0,0,1,0,0,0,,0.0,0.0,0.0,1.0,0.0,0.0,0.0,0.0,0.0,0.0,0.0,0.0,1.0,0.0,1.0,0.0,0.0,0.0,0.0,0.0,The Big Pond  ,0,0,0,0,0,0,0,0,0,0,0,0,1,0,0,0,0,0,0,0,41,Maurice Chevalier
439,0,0,0,0,0,0,0,0,0,1,0,0,,0.0,0.0,0.0,0.0,0.0,1.0,0.0,0.0,0.0,0.0,0.0,0.0,0.0,0.0,0.0,0.0,0.0,0.0,0.0,0.0,Condemned!  ,0,3,4,2,0,0,0,0,0,0,0,0,1,0,0,0,0,0,0,0,38,Ronald Colman
440,0,0,0,0,0,0,0,0,1,0,0,0,,0.0,0.0,0.0,0.0,0.0,1.0,0.0,0.0,0.0,0.0,0.0,0.0,0.0,1.0,0.0,0.0,0.0,1.0,0.0,0.0,Bulldog Drummond  ,0,3,3,2,0,0,0,0,0,1,0,0,1,0,0,0,0,0,0,0,38,Ronald Colman
441,0,0,0,0,0,0,1,0,0,0,0,0,,0.0,0.0,0.0,0.0,1.0,1.0,0.0,0.0,0.0,0.0,0.0,0.0,0.0,0.0,0.0,0.0,0.0,1.0,0.0,0.0,The Big House  ,0,0,3,0,0,0,1,0,0,1,1,0,0,0,0,0,0,0,0,0,44,Wallace Beery
442,0,0,1,0,0,0,0,0,0,0,0,0,,0.0,0.0,0.0,0.0,0.0,0.0,0.0,0.0,0.0,0.0,0.0,0.0,0.0,0.0,1.0,0.0,0.0,0.0,0.0,1.0,In Old Arizona  ,1,0,2,0,0,0,1,1,0,1,1,0,0,0,0,0,0,0,0,0,40,Warner Baxter
443,1,0,0,0,0,0,0,0,0,0,0,0,,0.0,0.0,0.0,0.0,1.0,0.0,0.0,0.0,0.0,0.0,0.0,0.0,0.0,0.0,0.0,0.0,0.0,0.0,0.0,0.0,Alibi  ,0,0,2,2,0,0,1,0,0,1,0,0,0,0,0,0,0,0,0,0,28,Chester Morris
444,0,0,0,0,0,0,1,0,0,0,0,0,,0.0,0.0,0.0,0.0,1.0,1.0,0.0,0.0,1.0,0.0,0.0,0.0,0.0,0.0,0.0,0.0,0.0,0.0,0.0,0.0,Thunderbolt  ,0,0,3,0,0,0,0,0,0,0,0,0,0,0,0,0,0,0,0,0,47,George Bancroft
445,0,1,0,0,0,0,0,0,0,0,0,0,,0.0,0.0,0.0,0.0,0.0,1.0,0.0,0.0,0.0,1.0,0.0,0.0,0.0,0.0,0.0,0.0,0.0,1.0,0.0,0.0,The Patriot  ,0,0,4,2,0,0,1,1,0,1,1,0,0,0,0,0,0,0,0,0,50,Lewis Stone
446,0,0,0,0,0,0,0,0,1,0,0,0,,0.0,0.0,0.0,0.0,0.0,1.0,0.0,0.0,0.0,0.0,0.0,0.0,0.0,0.0,0.0,0.0,0.0,0.0,0.0,0.0,The Valiant  ,0,0,1,0,0,0,0,0,0,0,1,0,0,0,0,0,0,0,0,0,34,Paul Muni
447,0,0,0,0,1,0,0,0,0,0,0,0,,0.0,0.0,0.0,0.0,0.0,1.0,0.0,0.0,0.0,1.0,0.0,0.0,0.0,0.0,1.0,0.0,0.0,0.0,1.0,0.0,The Last Command  ,1,0,0,0,0,0,0,0,0,0,1,0,1,0,0,0,0,0,0,0,44,Emil Jannings
448,0,0,0,0,0,0,1,0,0,0,0,0,,0.0,0.0,0.0,0.0,0.0,1.0,0.0,0.0,0.0,0.0,0.0,0.0,0.0,0.0,0.0,0.0,0.0,0.0,0.0,0.0,The Way of All Flesh  ,1,0,1,0,0,0,0,0,0,0,0,0,1,0,0,0,0,0,0,0,44,Emil Jannings
449,0,1,0,0,0,0,0,0,0,0,0,0,,0.0,0.0,0.0,0.0,0.0,1.0,0.0,0.0,0.0,0.0,0.0,0.0,0.0,0.0,1.0,0.0,1.0,0.0,1.0,0.0,The Patent Leather Kid  ,0,0,1,0,0,0,0,0,0,0,0,0,1,0,0,0,0,0,0,0,33,Richard Barthelmess
450,0,0,0,0,1,0,0,0,0,0,0,0,,0.0,0.0,0.0,0.0,0.0,1.0,0.0,0.0,0.0,0.0,0.0,0.0,0.0,0.0,0.0,0.0,0.0,0.0,0.0,0.0,The Noose  ,0,0,0,0,0,0,0,0,0,0,0,0,1,0,0,0,0,0,0,0,33,Richard Barthelmess
