,Film_FirstReleaseMonth_Cat_April,Film_FirstReleaseMonth_Cat_August,Film_FirstReleaseMonth_Cat_December,Film_FirstReleaseMonth_Cat_February,Film_FirstReleaseMonth_Cat_January,Film_FirstReleaseMonth_Cat_July,Film_FirstReleaseMonth_Cat_June,Film_FirstReleaseMonth_Cat_March,Film_FirstReleaseMonth_Cat_May,Film_FirstReleaseMonth_Cat_November,Film_FirstReleaseMonth_Cat_October,Film_FirstReleaseMonth_Cat_September,Film_Metacritic,Genre_Action,Genre_Adventure,Genre_Animation,Genre_Biography,Genre_Comedy,Genre_Crime,Genre_Documentary,Genre_Drama,Genre_Family,Genre_Fantasy,Genre_Film-Noir,Genre_History,Genre_Horror,Genre_Music,Genre_Musical,Genre_Mystery,Genre_Romance,Genre_Sci-Fi,Genre_Sport,Genre_Thriller,Genre_War,Genre_Western,Nomination_Film_Title,Nomination_Is_Winner,Nominations_Academy_Crew_OtherNomPrevYearCount,Nominations_Academy_Crew_OtherNomSameYearCount,Nominations_Academy_Crew_OtherWinPrevYearCount,Nominations_Academy_Film_ActorNomCount,Nominations_Academy_Film_ActressNomCount,Nominations_Academy_Film_DirectorNomCount,Nominations_Academy_Film_HasMajorNoms,Nominations_Academy_Film_OtherNomCount,Nominations_Academy_Film_ScreenplayNomCount,Nominations_Academy_Person_OtherBestPictureNomPrevYearCount,Nominations_Academy_Person_OtherBestPictureNomSameYearCount,Nominations_Academy_Person_OtherBestPictureWinPrevYearCount,Nominations_Academy_Person_OtherNonBestPictureNomPrevYearCount,Nominations_Academy_Person_OtherNonBestPictureNomSameYearCount,Nominations_Academy_Person_OtherNonBestPictureWinPrevYearCount
0,0,0,0,0,0,0,0,0,0,0,0,1,69.0,0.0,0.0,0.0,1.0,1.0,0.0,0.0,1.0,0.0,0.0,0.0,0.0,0.0,1.0,0.0,0.0,0.0,0.0,0.0,0.0,0.0,0.0,Green Book  ,1,9,0,5,1,0,0,0,2,1,1,0,0,0,1,0
1,0,1,0,0,0,0,0,0,0,0,0,0,88.0,0.0,0.0,0.0,0.0,0.0,0.0,0.0,1.0,0.0,0.0,0.0,0.0,0.0,1.0,0.0,0.0,1.0,0.0,0.0,0.0,0.0,0.0,A Star Is Born  ,0,39,0,11,1,1,0,0,4,1,1,0,0,3,2,0
2,0,0,0,0,0,0,0,0,1,0,0,0,83.0,0.0,0.0,0.0,1.0,0.0,1.0,0.0,1.0,0.0,0.0,0.0,0.0,0.0,0.0,0.0,0.0,0.0,0.0,0.0,0.0,0.0,0.0,BlacKkKlansman  ,0,10,0,2,0,0,1,0,3,1,2,0,0,3,2,2
3,0,0,0,0,1,0,0,0,0,0,0,0,88.0,1.0,1.0,0.0,0.0,0.0,0.0,0.0,0.0,0.0,0.0,0.0,0.0,0.0,0.0,0.0,0.0,0.0,1.0,0.0,0.0,0.0,0.0,Black Panther  ,0,33,1,3,0,0,0,0,6,0,0,0,0,0,0,0
4,0,0,0,0,0,0,0,0,0,0,1,0,49.0,0.0,0.0,0.0,1.0,0.0,0.0,0.0,1.0,0.0,0.0,0.0,0.0,0.0,1.0,0.0,0.0,0.0,0.0,0.0,0.0,0.0,0.0,Bohemian Rhapsody  ,0,19,0,5,1,0,0,0,3,0,2,0,1,0,0,0
5,0,1,0,0,0,0,0,0,0,0,0,0,96.0,0.0,0.0,0.0,0.0,0.0,0.0,0.0,1.0,0.0,0.0,0.0,0.0,0.0,0.0,0.0,0.0,0.0,0.0,0.0,0.0,0.0,0.0,Roma  ,0,26,1,15,0,1,1,0,6,1,1,0,0,3,3,2
6,0,1,0,0,0,0,0,0,0,0,0,0,90.0,0.0,0.0,0.0,1.0,1.0,0.0,0.0,1.0,0.0,0.0,0.0,1.0,0.0,0.0,0.0,0.0,0.0,0.0,0.0,0.0,0.0,0.0,The Favourite  ,0,14,1,5,0,1,1,0,6,1,1,0,0,1,1,0
7,0,0,1,0,0,0,0,0,0,0,0,0,61.0,0.0,0.0,0.0,1.0,1.0,0.0,0.0,1.0,0.0,0.0,0.0,0.0,0.0,0.0,0.0,0.0,0.0,0.0,0.0,0.0,0.0,0.0,Vice  ,0,44,0,10,1,0,1,0,4,1,3,0,2,1,2,1
8,0,1,0,0,0,0,0,0,0,0,0,0,87.0,0.0,1.0,0.0,0.0,0.0,0.0,0.0,1.0,0.0,1.0,0.0,0.0,0.0,0.0,0.0,0.0,1.0,0.0,0.0,1.0,0.0,0.0,The Shape of Water  ,1,28,1,14,0,1,1,0,9,1,0,0,0,1,2,0
9,0,0,0,0,1,0,0,0,0,0,0,0,93.0,0.0,0.0,0.0,0.0,0.0,0.0,0.0,1.0,0.0,0.0,0.0,0.0,0.0,0.0,0.0,0.0,1.0,0.0,0.0,0.0,0.0,0.0,Call Me by Your Name  ,0,6,0,3,1,0,0,0,1,1,0,0,0,0,0,0
10,0,0,0,0,0,0,0,0,0,0,0,1,75.0,0.0,0.0,0.0,1.0,0.0,0.0,0.0,1.0,0.0,0.0,0.0,1.0,0.0,0.0,0.0,0.0,0.0,0.0,0.0,0.0,1.0,0.0,Darkest Hour  ,0,21,2,1,1,0,0,0,4,0,5,0,0,1,0,0
11,0,0,0,0,0,1,0,0,0,0,0,0,94.0,1.0,0.0,0.0,0.0,0.0,0.0,0.0,1.0,0.0,0.0,0.0,1.0,0.0,0.0,0.0,0.0,0.0,0.0,0.0,1.0,1.0,0.0,Dunkirk  ,0,33,0,15,0,0,1,0,6,0,1,0,0,2,1,0
12,0,0,0,0,1,0,0,0,0,0,0,0,84.0,0.0,0.0,0.0,0.0,0.0,0.0,0.0,0.0,0.0,0.0,0.0,0.0,1.0,0.0,0.0,1.0,0.0,0.0,0.0,1.0,0.0,0.0,Get Out  ,0,3,0,0,1,0,1,0,0,1,1,0,0,0,2,0
13,0,0,0,0,0,0,0,0,0,0,0,1,94.0,0.0,0.0,0.0,0.0,1.0,0.0,0.0,1.0,0.0,0.0,0.0,0.0,0.0,0.0,0.0,0.0,0.0,0.0,0.0,0.0,0.0,0.0,Lady Bird  ,0,9,1,1,0,1,1,0,1,1,7,0,1,0,0,0
14,0,0,0,0,0,0,0,0,0,1,0,0,90.0,0.0,0.0,0.0,0.0,0.0,0.0,0.0,1.0,0.0,0.0,0.0,0.0,0.0,0.0,0.0,0.0,1.0,0.0,0.0,0.0,0.0,0.0,Phantom Thread  ,0,16,1,6,1,0,1,0,3,0,4,0,0,5,1,0
15,0,0,1,0,0,0,0,0,0,0,0,0,83.0,0.0,0.0,0.0,1.0,0.0,0.0,0.0,1.0,0.0,0.0,0.0,1.0,0.0,0.0,0.0,0.0,0.0,0.0,0.0,1.0,0.0,0.0,The Post  ,0,80,0,26,0,1,0,0,0,0,8,0,1,5,0,3
16,0,0,0,0,0,0,0,0,0,0,0,1,88.0,0.0,0.0,0.0,0.0,1.0,1.0,0.0,1.0,0.0,0.0,0.0,0.0,0.0,0.0,0.0,0.0,0.0,0.0,0.0,0.0,0.0,0.0,"Three Billboards Outside Ebbing, Missouri  ",0,11,0,2,0,1,0,0,4,1,0,0,0,1,1,1
17,0,0,0,0,0,0,0,0,0,0,0,1,99.0,0.0,0.0,0.0,0.0,0.0,0.0,0.0,1.0,0.0,0.0,0.0,0.0,0.0,0.0,0.0,0.0,0.0,0.0,0.0,0.0,0.0,0.0,Moonlight  ,1,7,0,1,0,0,1,0,5,1,3,0,1,0,0,0
18,0,0,0,0,0,0,0,0,0,0,0,1,81.0,0.0,0.0,0.0,0.0,0.0,0.0,0.0,1.0,0.0,0.0,0.0,0.0,0.0,0.0,0.0,1.0,0.0,1.0,0.0,1.0,0.0,0.0,Arrival  ,0,16,1,3,0,0,1,0,5,1,0,0,0,0,0,0
19,0,0,1,0,0,0,0,0,0,0,0,0,79.0,0.0,0.0,0.0,0.0,0.0,0.0,0.0,1.0,0.0,0.0,0.0,0.0,0.0,0.0,0.0,0.0,0.0,0.0,0.0,0.0,0.0,0.0,Fences  ,0,23,0,13,1,0,0,0,1,1,6,0,1,4,1,2
20,0,0,0,0,0,0,0,0,0,0,0,1,71.0,0.0,0.0,0.0,1.0,0.0,0.0,0.0,1.0,0.0,0.0,0.0,1.0,0.0,0.0,0.0,0.0,0.0,0.0,0.0,0.0,1.0,0.0,Hacksaw Ridge  ,0,27,0,5,1,0,1,0,3,0,0,0,0,0,0,0
21,0,0,0,0,0,0,0,0,1,0,0,0,88.0,1.0,0.0,0.0,0.0,0.0,1.0,0.0,1.0,0.0,0.0,0.0,0.0,0.0,0.0,0.0,0.0,0.0,0.0,0.0,1.0,0.0,1.0,Hell or High Water  ,0,7,0,1,0,0,0,0,2,1,0,0,0,0,0,0
22,0,0,1,0,0,0,0,0,0,0,0,0,74.0,0.0,0.0,0.0,1.0,0.0,0.0,0.0,1.0,0.0,0.0,0.0,1.0,0.0,0.0,0.0,0.0,0.0,0.0,0.0,0.0,0.0,0.0,Hidden Figures  ,0,20,2,5,0,0,0,0,1,1,2,0,1,1,1,0
23,0,1,0,0,0,0,0,0,0,0,0,0,93.0,0.0,0.0,0.0,0.0,1.0,0.0,0.0,1.0,0.0,0.0,0.0,0.0,0.0,1.0,1.0,0.0,1.0,0.0,0.0,0.0,0.0,0.0,La La Land  ,0,25,0,4,1,1,1,1,9,1,1,0,0,0,0,0
24,0,0,0,0,0,0,0,0,0,0,0,1,69.0,0.0,0.0,0.0,1.0,0.0,0.0,0.0,1.0,0.0,0.0,0.0,0.0,0.0,0.0,0.0,0.0,0.0,0.0,0.0,0.0,0.0,0.0,Lion  ,0,7,3,3,0,0,0,0,4,1,0,0,1,0,0,0
25,0,0,0,0,1,0,0,0,0,0,0,0,96.0,0.0,0.0,0.0,0.0,0.0,0.0,0.0,1.0,0.0,0.0,0.0,0.0,0.0,0.0,0.0,0.0,0.0,0.0,0.0,0.0,0.0,0.0,Manchester by the Sea  ,0,6,0,1,1,0,1,0,2,1,0,0,0,3,0,1
26,0,0,0,0,0,0,0,0,0,0,0,1,93.0,0.0,0.0,0.0,1.0,0.0,1.0,0.0,1.0,0.0,0.0,0.0,0.0,0.0,0.0,0.0,0.0,0.0,0.0,0.0,0.0,0.0,0.0,Spotlight  ,1,6,0,0,0,0,1,0,3,1,1,1,0,0,0,0
27,0,0,0,0,0,0,0,0,0,0,1,0,81.0,0.0,0.0,0.0,0.0,0.0,0.0,0.0,1.0,0.0,0.0,0.0,1.0,0.0,0.0,0.0,0.0,0.0,0.0,0.0,1.0,0.0,0.0,Bridge of Spies  ,0,59,1,22,0,0,0,0,4,1,7,0,1,5,0,3
28,0,0,0,0,1,0,0,0,0,0,0,0,88.0,0.0,0.0,0.0,0.0,0.0,0.0,0.0,1.0,0.0,0.0,0.0,0.0,0.0,0.0,0.0,0.0,1.0,0.0,0.0,0.0,0.0,0.0,Brooklyn  ,0,13,0,7,0,1,0,0,0,1,1,0,0,0,0,0
29,0,0,0,0,0,0,0,0,1,0,0,0,90.0,1.0,1.0,0.0,0.0,0.0,0.0,0.0,0.0,0.0,0.0,0.0,0.0,0.0,0.0,0.0,0.0,0.0,1.0,0.0,1.0,0.0,0.0,Mad Max: Fury Road  ,0,27,1,12,0,0,1,0,8,0,1,0,0,2,1,1
30,0,0,0,0,0,0,0,0,0,0,0,1,86.0,0.0,0.0,0.0,0.0,0.0,0.0,0.0,1.0,0.0,0.0,0.0,0.0,0.0,0.0,0.0,0.0,0.0,0.0,0.0,1.0,0.0,0.0,Room  ,0,5,0,0,0,1,1,0,0,1,0,0,0,0,0,0
31,0,0,0,0,0,0,0,0,0,1,0,0,81.0,0.0,0.0,0.0,1.0,1.0,0.0,0.0,1.0,0.0,0.0,0.0,1.0,0.0,0.0,0.0,0.0,0.0,0.0,0.0,0.0,0.0,0.0,The Big Short  ,0,27,1,4,0,0,1,0,2,1,3,0,1,3,0,0
32,0,0,0,0,0,0,0,0,0,0,0,1,80.0,0.0,1.0,0.0,0.0,0.0,0.0,0.0,1.0,0.0,0.0,0.0,0.0,0.0,0.0,0.0,0.0,0.0,1.0,0.0,0.0,0.0,0.0,The Martian  ,0,25,1,6,1,0,0,0,4,1,0,0,0,3,0,0
33,0,0,1,0,0,0,0,0,0,0,0,0,76.0,1.0,1.0,0.0,1.0,0.0,0.0,0.0,1.0,0.0,0.0,0.0,1.0,0.0,0.0,0.0,0.0,0.0,0.0,0.0,0.0,0.0,1.0,The Revenant  ,0,47,0,10,1,0,1,0,9,0,2,1,1,1,1,2
34,0,1,0,0,0,0,0,0,0,0,0,0,87.0,0.0,0.0,0.0,0.0,1.0,0.0,0.0,1.0,0.0,0.0,0.0,0.0,0.0,0.0,0.0,0.0,0.0,0.0,0.0,0.0,0.0,0.0,Birdman or (The Unexpected Virtue of Ignorance)  ,1,39,1,9,1,0,1,0,5,1,1,0,0,1,2,0
35,0,0,0,0,0,0,0,0,0,1,0,0,72.0,1.0,0.0,0.0,1.0,0.0,0.0,0.0,1.0,0.0,0.0,0.0,0.0,0.0,0.0,0.0,0.0,0.0,0.0,0.0,0.0,1.0,0.0,American Sniper  ,0,29,1,7,1,0,0,0,3,1,2,0,2,6,1,3
36,0,0,0,0,1,0,0,0,0,0,0,0,100.0,0.0,0.0,0.0,0.0,0.0,0.0,0.0,1.0,0.0,0.0,0.0,0.0,0.0,0.0,0.0,0.0,0.0,0.0,0.0,0.0,0.0,0.0,Boyhood  ,0,3,0,0,0,0,1,0,3,1,0,0,0,2,2,0
37,0,0,0,0,0,0,0,0,0,1,0,0,88.0,0.0,0.0,0.0,1.0,0.0,0.0,0.0,1.0,0.0,0.0,0.0,1.0,0.0,0.0,0.0,0.0,0.0,0.0,0.0,0.0,0.0,0.0,Selma  ,0,22,0,5,0,0,0,0,1,0,2,0,2,1,0,1
38,0,0,0,1,0,0,0,0,0,0,0,0,88.0,0.0,1.0,0.0,0.0,1.0,1.0,0.0,0.0,0.0,0.0,0.0,0.0,0.0,0.0,0.0,0.0,0.0,0.0,0.0,0.0,0.0,0.0,The Grand Budapest Hotel  ,0,30,2,10,0,0,1,0,6,1,5,0,1,3,2,0
39,0,1,0,0,0,0,0,0,0,0,0,0,73.0,0.0,0.0,0.0,1.0,0.0,0.0,0.0,1.0,0.0,0.0,0.0,0.0,0.0,0.0,0.0,0.0,0.0,0.0,0.0,1.0,1.0,0.0,The Imitation Game  ,0,6,0,3,1,0,1,0,4,1,0,0,0,0,0,0
40,0,0,0,0,0,0,0,0,0,0,0,1,72.0,0.0,0.0,0.0,1.0,0.0,0.0,0.0,1.0,0.0,0.0,0.0,0.0,0.0,0.0,0.0,0.0,1.0,0.0,0.0,0.0,0.0,0.0,The Theory of Everything  ,0,5,0,6,1,1,0,0,1,1,4,0,0,0,1,0
41,0,0,0,0,1,0,0,0,0,0,0,0,88.0,0.0,0.0,0.0,0.0,0.0,0.0,0.0,1.0,0.0,0.0,0.0,0.0,0.0,1.0,0.0,0.0,0.0,0.0,0.0,0.0,0.0,0.0,Whiplash  ,0,5,0,0,0,0,0,0,3,1,0,0,0,0,0,0
42,0,1,0,0,0,0,0,0,0,0,0,0,96.0,0.0,0.0,0.0,1.0,0.0,0.0,0.0,1.0,0.0,0.0,0.0,1.0,0.0,0.0,0.0,0.0,0.0,0.0,0.0,0.0,0.0,0.0,12 Years a Slave  ,1,12,1,1,1,0,1,0,5,1,2,0,0,3,1,0
43,0,0,1,0,0,0,0,0,0,0,0,0,90.0,0.0,0.0,0.0,0.0,0.0,1.0,0.0,1.0,0.0,0.0,0.0,0.0,0.0,0.0,0.0,0.0,0.0,0.0,0.0,0.0,0.0,0.0,American Hustle  ,0,19,1,7,1,1,1,1,5,1,2,1,0,0,0,0
44,0,0,0,0,0,0,0,0,0,0,0,1,83.0,0.0,0.0,0.0,1.0,0.0,1.0,0.0,1.0,0.0,0.0,0.0,0.0,0.0,0.0,0.0,0.0,0.0,0.0,0.0,1.0,0.0,0.0,Captain Phillips  ,0,14,1,9,0,0,0,0,4,1,5,0,1,0,0,0
45,0,0,0,0,0,0,0,0,0,0,0,1,84.0,0.0,0.0,0.0,1.0,0.0,0.0,0.0,1.0,0.0,0.0,0.0,0.0,0.0,0.0,0.0,0.0,0.0,0.0,0.0,0.0,0.0,0.0,Dallas Buyers Club  ,0,2,1,1,1,0,0,0,3,1,0,0,0,0,0,0
46,0,1,0,0,0,0,0,0,0,0,0,0,96.0,0.0,0.0,0.0,0.0,0.0,0.0,0.0,1.0,0.0,0.0,0.0,0.0,0.0,0.0,0.0,0.0,0.0,1.0,0.0,1.0,0.0,0.0,Gravity  ,0,39,2,12,0,1,1,0,7,0,0,0,0,3,2,0
47,0,0,0,0,0,0,0,0,0,0,1,0,90.0,0.0,0.0,0.0,0.0,0.0,0.0,0.0,1.0,0.0,0.0,0.0,0.0,0.0,0.0,0.0,0.0,1.0,1.0,0.0,0.0,0.0,0.0,Her  ,0,42,4,7,0,0,0,0,3,1,1,1,0,1,2,0
48,0,0,0,0,0,0,0,0,1,0,0,0,86.0,0.0,1.0,0.0,0.0,1.0,0.0,0.0,1.0,0.0,0.0,0.0,0.0,0.0,0.0,0.0,0.0,0.0,0.0,0.0,0.0,0.0,0.0,Nebraska  ,0,7,0,2,1,0,1,0,2,1,0,0,0,0,0,0
49,0,1,0,0,0,0,0,0,0,0,0,0,77.0,0.0,0.0,0.0,1.0,1.0,0.0,0.0,1.0,0.0,0.0,0.0,0.0,0.0,0.0,0.0,0.0,0.0,0.0,0.0,0.0,0.0,0.0,Philomena  ,0,10,2,2,0,1,0,0,1,1,1,0,0,0,1,0
50,0,0,1,0,0,0,0,0,0,0,0,0,75.0,0.0,0.0,0.0,1.0,0.0,1.0,0.0,1.0,0.0,0.0,0.0,0.0,0.0,0.0,0.0,0.0,0.0,0.0,0.0,0.0,0.0,0.0,The Wolf of Wall Street  ,0,27,4,15,1,0,1,0,1,1,1,0,0,11,2,1
51,0,1,0,0,0,0,0,0,0,0,0,0,86.0,0.0,0.0,0.0,1.0,0.0,0.0,0.0,1.0,0.0,0.0,0.0,0.0,0.0,0.0,0.0,0.0,0.0,0.0,0.0,1.0,0.0,0.0,Argo  ,1,19,1,6,0,0,0,0,5,1,1,0,0,6,0,2
52,0,0,0,0,0,0,0,0,1,0,0,0,94.0,0.0,0.0,0.0,0.0,0.0,0.0,0.0,1.0,0.0,0.0,0.0,0.0,0.0,0.0,0.0,0.0,1.0,0.0,0.0,0.0,0.0,0.0,Amour  ,0,2,0,0,0,1,1,0,1,1,0,0,0,0,0,0
53,0,0,0,0,1,0,0,0,0,0,0,0,86.0,0.0,1.0,0.0,0.0,0.0,0.0,0.0,1.0,0.0,1.0,0.0,0.0,0.0,0.0,0.0,0.0,0.0,0.0,0.0,0.0,0.0,0.0,Beasts of the Southern Wild  ,0,6,0,1,0,1,1,0,0,1,0,0,0,0,0,0
54,0,0,1,0,0,0,0,0,0,0,0,0,81.0,0.0,0.0,0.0,0.0,0.0,0.0,0.0,1.0,0.0,0.0,0.0,0.0,0.0,0.0,0.0,0.0,0.0,0.0,0.0,0.0,0.0,1.0,Django Unchained  ,0,39,1,14,0,0,0,0,3,1,1,0,0,0,0,0
55,0,0,1,0,0,0,0,0,0,0,0,0,63.0,0.0,0.0,0.0,0.0,0.0,0.0,0.0,1.0,0.0,0.0,0.0,1.0,0.0,0.0,1.0,0.0,1.0,0.0,0.0,0.0,1.0,0.0,Les Misérables  ,0,32,1,4,1,0,0,0,6,0,3,0,0,0,0,0
56,0,0,0,0,0,0,0,0,0,0,0,1,79.0,0.0,1.0,0.0,0.0,0.0,0.0,0.0,1.0,0.0,1.0,0.0,0.0,0.0,0.0,0.0,0.0,0.0,0.0,0.0,0.0,0.0,0.0,Life of Pi  ,0,25,0,8,0,0,1,0,8,1,2,0,0,1,1,1
57,0,0,0,0,0,0,0,0,0,0,1,0,86.0,0.0,0.0,0.0,1.0,0.0,0.0,0.0,1.0,0.0,0.0,0.0,1.0,0.0,0.0,0.0,0.0,0.0,0.0,0.0,0.0,1.0,0.0,Lincoln  ,0,54,1,24,1,0,1,0,8,1,9,0,1,4,1,3
58,0,0,0,0,0,0,0,0,0,0,0,1,81.0,0.0,0.0,0.0,0.0,1.0,0.0,0.0,1.0,0.0,0.0,0.0,0.0,0.0,0.0,0.0,0.0,1.0,0.0,0.0,0.0,0.0,0.0,Silver Linings Playbook  ,0,17,0,10,1,1,1,1,3,1,2,0,2,0,0,0
59,0,0,1,0,0,0,0,0,0,0,0,0,95.0,0.0,0.0,0.0,0.0,0.0,0.0,0.0,1.0,0.0,0.0,0.0,0.0,0.0,0.0,0.0,0.0,0.0,0.0,0.0,1.0,0.0,0.0,Zero Dark Thirty  ,0,7,2,4,0,1,0,0,2,1,0,0,1,0,1,2
60,0,0,0,0,0,0,0,0,1,0,0,0,89.0,0.0,0.0,0.0,0.0,1.0,0.0,0.0,1.0,0.0,0.0,0.0,0.0,0.0,0.0,0.0,0.0,1.0,0.0,0.0,0.0,0.0,0.0,The Artist  ,1,2,0,0,1,0,1,0,6,1,0,0,0,0,0,0
61,0,0,1,0,0,0,0,0,0,0,0,0,46.0,0.0,1.0,0.0,0.0,0.0,0.0,0.0,1.0,0.0,0.0,0.0,0.0,0.0,0.0,0.0,1.0,0.0,0.0,0.0,0.0,0.0,0.0,Extremely Loud & Incredibly Close  ,0,28,1,12,0,0,0,0,1,0,3,0,1,0,0,0
62,0,0,0,0,0,0,0,0,0,0,1,0,83.0,0.0,0.0,0.0,0.0,0.0,0.0,0.0,1.0,1.0,1.0,0.0,0.0,0.0,0.0,0.0,1.0,0.0,0.0,0.0,0.0,0.0,0.0,Hugo  ,0,47,0,16,0,0,1,0,8,1,1,0,1,7,1,1
63,0,0,0,0,0,0,0,0,1,0,0,0,81.0,0.0,0.0,0.0,0.0,1.0,0.0,0.0,0.0,0.0,1.0,0.0,0.0,0.0,0.0,0.0,0.0,1.0,0.0,0.0,0.0,0.0,0.0,Midnight in Paris  ,0,22,0,6,0,0,1,0,1,1,0,0,0,0,0,0
64,0,0,0,0,0,0,0,0,0,0,0,1,87.0,0.0,0.0,0.0,1.0,0.0,0.0,0.0,1.0,0.0,0.0,0.0,0.0,0.0,0.0,0.0,0.0,0.0,0.0,1.0,0.0,0.0,0.0,Moneyball  ,0,21,1,7,1,0,0,0,3,1,1,0,0,2,1,0
65,0,0,0,0,0,0,0,0,0,0,0,1,84.0,0.0,0.0,0.0,0.0,1.0,0.0,0.0,1.0,0.0,0.0,0.0,0.0,0.0,0.0,0.0,0.0,0.0,0.0,0.0,0.0,0.0,0.0,The Descendants  ,0,9,1,2,1,0,1,0,1,1,0,0,0,2,2,1
66,0,1,0,0,0,0,0,0,0,0,0,0,62.0,0.0,0.0,0.0,0.0,0.0,0.0,0.0,1.0,0.0,0.0,0.0,0.0,0.0,0.0,0.0,0.0,0.0,0.0,0.0,0.0,0.0,0.0,The Help  ,0,21,1,9,0,1,0,0,2,0,0,0,0,0,0,0
67,0,0,0,0,0,0,0,0,1,0,0,0,85.0,0.0,0.0,0.0,0.0,0.0,0.0,0.0,1.0,0.0,1.0,0.0,0.0,0.0,0.0,0.0,0.0,0.0,0.0,0.0,0.0,0.0,0.0,The Tree of Life  ,0,32,4,5,0,0,1,0,1,0,1,0,0,0,0,0
68,0,0,1,0,0,0,0,0,0,0,0,0,72.0,1.0,1.0,0.0,0.0,0.0,0.0,0.0,1.0,0.0,0.0,0.0,1.0,0.0,0.0,0.0,0.0,0.0,0.0,0.0,0.0,1.0,0.0,War Horse  ,0,54,0,20,0,0,0,0,5,0,8,0,1,4,0,3
69,0,0,0,0,0,0,0,0,0,0,0,1,88.0,0.0,0.0,0.0,1.0,0.0,0.0,0.0,1.0,0.0,0.0,0.0,1.0,0.0,0.0,0.0,0.0,0.0,0.0,0.0,0.0,0.0,0.0,The King's Speech  ,1,15,0,3,1,0,1,0,8,1,0,0,0,0,0,0
70,0,0,0,0,0,0,0,0,0,0,0,1,82.0,0.0,0.0,0.0,1.0,0.0,0.0,0.0,1.0,0.0,0.0,0.0,0.0,0.0,0.0,0.0,0.0,0.0,0.0,0.0,0.0,0.0,0.0,127 Hours  ,0,3,0,3,1,0,0,0,3,1,0,0,1,0,1,1
71,0,0,0,0,0,0,0,0,0,0,0,1,79.0,0.0,0.0,0.0,0.0,0.0,0.0,0.0,1.0,0.0,0.0,0.0,0.0,0.0,0.0,0.0,0.0,0.0,0.0,0.0,1.0,0.0,0.0,Black Swan  ,0,4,0,2,0,1,1,0,2,0,0,0,0,0,0,0
72,0,0,0,0,0,1,0,0,0,0,0,0,74.0,1.0,1.0,0.0,0.0,0.0,0.0,0.0,0.0,0.0,0.0,0.0,0.0,0.0,0.0,0.0,0.0,0.0,1.0,0.0,1.0,0.0,0.0,Inception  ,0,24,0,7,0,0,0,0,6,1,0,0,0,1,1,0
73,0,0,1,0,0,0,0,0,0,0,0,0,79.0,0.0,0.0,0.0,1.0,0.0,0.0,0.0,1.0,0.0,0.0,0.0,0.0,0.0,0.0,0.0,0.0,0.0,0.0,1.0,0.0,0.0,0.0,The Fighter  ,0,7,1,3,0,0,1,0,4,1,0,0,0,1,0,0
74,0,0,0,0,1,0,0,0,0,0,0,0,86.0,0.0,0.0,0.0,0.0,1.0,0.0,0.0,1.0,0.0,0.0,0.0,0.0,0.0,0.0,0.0,0.0,1.0,0.0,0.0,0.0,0.0,0.0,The Kids Are All Right  ,0,8,0,1,0,1,0,0,1,1,0,0,0,0,0,0
75,0,0,0,0,0,0,0,0,0,0,0,1,95.0,0.0,0.0,0.0,1.0,0.0,0.0,0.0,1.0,0.0,0.0,0.0,0.0,0.0,0.0,0.0,0.0,0.0,0.0,0.0,0.0,0.0,0.0,The Social Network  ,0,15,0,7,1,0,1,0,4,1,2,1,1,0,0,0
76,0,0,0,0,0,0,1,0,0,0,0,0,92.0,0.0,1.0,1.0,0.0,1.0,0.0,0.0,0.0,1.0,1.0,0.0,0.0,0.0,0.0,0.0,0.0,0.0,0.0,0.0,0.0,0.0,0.0,Toy Story 3  ,0,39,3,22,0,0,0,0,3,1,0,0,0,0,0,0
77,0,0,1,0,0,0,0,0,0,0,0,0,80.0,0.0,0.0,0.0,0.0,0.0,0.0,0.0,1.0,0.0,0.0,0.0,0.0,0.0,0.0,0.0,0.0,0.0,0.0,0.0,0.0,0.0,1.0,True Grit  ,0,32,0,7,1,0,1,0,6,1,3,1,1,5,2,3
78,0,0,0,0,1,0,0,0,0,0,0,0,90.0,0.0,0.0,0.0,0.0,0.0,0.0,0.0,1.0,0.0,0.0,0.0,0.0,0.0,0.0,0.0,1.0,0.0,0.0,0.0,0.0,0.0,0.0,Winter's Bone  ,0,1,0,1,0,1,0,0,1,1,0,0,0,0,1,0
79,0,0,0,0,0,0,0,0,0,0,0,1,95.0,0.0,0.0,0.0,0.0,0.0,0.0,0.0,1.0,0.0,0.0,0.0,0.0,0.0,0.0,0.0,0.0,0.0,0.0,0.0,1.0,1.0,0.0,The Hurt Locker  ,1,5,0,0,1,0,1,0,5,1,0,0,0,0,2,0
80,0,0,0,0,0,0,0,0,0,0,0,1,79.0,0.0,0.0,0.0,0.0,1.0,0.0,0.0,1.0,0.0,0.0,0.0,0.0,0.0,0.0,0.0,0.0,0.0,0.0,0.0,0.0,0.0,0.0,A Serious Man  ,0,20,0,2,0,0,0,0,0,1,1,0,1,4,1,3
81,0,0,0,0,1,0,0,0,0,0,0,0,85.0,0.0,0.0,0.0,0.0,0.0,0.0,0.0,1.0,0.0,0.0,0.0,0.0,0.0,0.0,0.0,0.0,0.0,0.0,0.0,0.0,0.0,0.0,An Education  ,0,4,1,2,0,1,0,0,0,1,0,0,0,0,0,0
82,0,0,1,0,0,0,0,0,0,0,0,0,83.0,1.0,1.0,0.0,0.0,0.0,0.0,0.0,0.0,0.0,1.0,0.0,0.0,0.0,0.0,0.0,0.0,0.0,1.0,0.0,0.0,0.0,0.0,Avatar  ,0,68,4,29,0,0,1,0,7,0,0,0,1,0,2,2
83,0,1,0,0,0,0,0,0,0,0,0,0,81.0,1.0,0.0,0.0,0.0,0.0,0.0,0.0,0.0,0.0,0.0,0.0,0.0,0.0,0.0,0.0,0.0,0.0,1.0,0.0,1.0,0.0,0.0,District 9  ,0,7,0,9,0,0,0,0,2,1,2,0,1,3,0,2
84,0,0,0,0,0,0,0,0,1,0,0,0,69.0,0.0,1.0,0.0,0.0,0.0,0.0,0.0,1.0,0.0,0.0,0.0,0.0,0.0,0.0,0.0,0.0,0.0,0.0,0.0,0.0,1.0,0.0,Inglourious Basterds  ,0,29,0,13,0,0,1,0,5,1,2,0,0,0,0,0
85,0,0,0,0,1,0,0,0,0,0,0,0,79.0,0.0,0.0,0.0,0.0,0.0,0.0,0.0,1.0,0.0,0.0,0.0,0.0,0.0,0.0,0.0,0.0,0.0,0.0,0.0,0.0,0.0,0.0,Precious  ,0,3,0,1,0,1,1,0,2,1,0,0,0,0,1,0
86,0,0,0,0,0,0,0,0,0,1,0,0,53.0,0.0,0.0,0.0,1.0,0.0,0.0,0.0,1.0,0.0,0.0,0.0,0.0,0.0,0.0,0.0,0.0,0.0,0.0,1.0,0.0,0.0,0.0,The Blind Side  ,0,5,0,5,0,1,0,0,0,0,0,0,0,0,0,0
87,0,0,0,0,0,0,0,0,1,0,0,0,88.0,0.0,1.0,1.0,0.0,1.0,0.0,0.0,0.0,1.0,0.0,0.0,0.0,0.0,0.0,0.0,0.0,0.0,0.0,0.0,0.0,0.0,0.0,Up  ,0,36,1,22,0,0,0,0,3,1,0,0,0,0,0,0
88,0,0,0,0,0,0,0,0,0,0,0,1,83.0,0.0,0.0,0.0,0.0,1.0,0.0,0.0,1.0,0.0,0.0,0.0,0.0,0.0,0.0,0.0,0.0,1.0,0.0,0.0,0.0,0.0,0.0,Up in the Air  ,0,6,0,2,1,0,1,0,2,1,0,0,0,1,2,0
89,0,1,0,0,0,0,0,0,0,0,0,0,86.0,0.0,0.0,0.0,0.0,0.0,0.0,0.0,1.0,0.0,0.0,0.0,0.0,0.0,0.0,0.0,0.0,1.0,0.0,0.0,0.0,0.0,0.0,Slumdog Millionaire  ,1,1,0,0,0,0,1,0,7,1,0,0,0,0,0,0
90,0,0,0,0,0,0,0,0,0,0,1,0,80.0,0.0,0.0,0.0,1.0,0.0,0.0,0.0,1.0,0.0,0.0,0.0,1.0,0.0,0.0,0.0,0.0,0.0,0.0,0.0,0.0,0.0,0.0,Frost/Nixon  ,0,20,1,5,1,0,1,0,1,1,3,0,1,1,1,1
91,0,0,0,0,0,0,0,0,0,0,1,0,84.0,0.0,0.0,0.0,1.0,0.0,0.0,0.0,1.0,0.0,0.0,0.0,0.0,0.0,0.0,0.0,0.0,0.0,0.0,0.0,0.0,0.0,0.0,Milk  ,0,14,0,4,1,0,1,0,4,1,0,0,1,0,0,0
92,0,0,1,0,0,0,0,0,0,0,0,0,70.0,0.0,0.0,0.0,0.0,0.0,0.0,0.0,1.0,0.0,1.0,0.0,0.0,0.0,0.0,0.0,0.0,1.0,0.0,0.0,0.0,0.0,0.0,The Curious Case of Benjamin Button  ,0,32,1,12,1,0,1,0,9,1,6,0,0,0,0,0
93,0,0,1,0,0,0,0,0,0,0,0,0,58.0,0.0,0.0,0.0,0.0,0.0,0.0,0.0,1.0,0.0,0.0,0.0,0.0,0.0,0.0,0.0,0.0,1.0,0.0,0.0,0.0,0.0,0.0,The Reader  ,0,25,0,7,0,1,1,0,1,1,2,0,2,4,0,2
94,0,0,0,0,0,0,0,0,1,0,0,0,91.0,0.0,0.0,0.0,0.0,0.0,1.0,0.0,1.0,0.0,0.0,0.0,0.0,0.0,0.0,0.0,0.0,0.0,0.0,0.0,1.0,0.0,0.0,No Country for Old Men  ,1,15,2,4,0,0,1,0,5,1,2,0,0,3,3,1
95,0,1,0,0,0,0,0,0,0,0,0,0,85.0,0.0,0.0,0.0,0.0,0.0,0.0,0.0,1.0,0.0,0.0,0.0,0.0,0.0,0.0,0.0,1.0,1.0,0.0,0.0,0.0,1.0,0.0,Atonement  ,0,13,0,3,0,0,0,0,5,1,1,0,0,0,0,0
96,0,0,0,0,0,0,0,0,0,0,0,1,81.0,0.0,0.0,0.0,0.0,1.0,0.0,0.0,1.0,0.0,0.0,0.0,0.0,0.0,0.0,0.0,0.0,0.0,0.0,0.0,0.0,0.0,0.0,Juno  ,0,2,0,0,0,1,1,0,0,1,0,0,0,0,0,0
97,0,1,0,0,0,0,0,0,0,0,0,0,82.0,0.0,0.0,0.0,0.0,0.0,1.0,0.0,1.0,0.0,0.0,0.0,0.0,0.0,0.0,0.0,1.0,0.0,0.0,0.0,1.0,0.0,0.0,Michael Clayton  ,0,12,1,3,1,0,1,0,3,1,1,0,1,2,0,1
98,0,0,0,0,0,0,0,0,0,0,0,1,93.0,0.0,0.0,0.0,0.0,0.0,0.0,0.0,1.0,0.0,0.0,0.0,0.0,0.0,0.0,0.0,0.0,0.0,0.0,0.0,0.0,0.0,0.0,There Will Be Blood  ,0,23,2,6,1,0,1,0,4,1,0,0,0,2,2,0
99,0,0,0,0,0,0,0,0,0,0,0,1,85.0,0.0,0.0,0.0,0.0,0.0,1.0,0.0,1.0,0.0,0.0,0.0,0.0,0.0,0.0,0.0,0.0,0.0,0.0,0.0,1.0,0.0,0.0,The Departed  ,1,40,2,10,0,0,1,0,2,1,1,0,0,0,0,0
100,0,0,0,0,0,0,0,0,1,0,0,0,69.0,0.0,0.0,0.0,0.0,0.0,0.0,0.0,1.0,0.0,0.0,0.0,0.0,0.0,0.0,0.0,0.0,0.0,0.0,0.0,0.0,0.0,0.0,Babel  ,0,15,4,6,0,0,1,0,4,1,0,0,0,0,1,0
101,0,0,0,0,0,0,0,0,0,1,0,0,89.0,1.0,1.0,0.0,0.0,0.0,0.0,0.0,1.0,0.0,0.0,0.0,1.0,0.0,0.0,0.0,0.0,0.0,0.0,0.0,0.0,1.0,0.0,Letters from Iwo Jima  ,0,18,2,7,0,0,1,0,1,1,5,0,3,7,1,6
102,0,0,0,0,1,0,0,0,0,0,0,0,80.0,0.0,0.0,0.0,0.0,1.0,0.0,0.0,1.0,0.0,0.0,0.0,0.0,0.0,0.0,0.0,0.0,0.0,0.0,0.0,0.0,0.0,0.0,Little Miss Sunshine  ,0,4,0,0,0,0,0,0,2,1,0,0,0,0,0,0
103,0,0,0,0,0,0,0,0,0,0,0,1,91.0,0.0,0.0,0.0,1.0,0.0,0.0,0.0,1.0,0.0,0.0,0.0,1.0,0.0,0.0,0.0,0.0,0.0,0.0,0.0,0.0,0.0,0.0,The Queen  ,0,20,1,6,0,1,1,0,2,1,0,0,0,0,0,0
104,0,0,0,0,0,0,0,0,0,0,0,1,69.0,0.0,0.0,0.0,0.0,0.0,1.0,0.0,1.0,0.0,0.0,0.0,0.0,0.0,0.0,0.0,0.0,0.0,0.0,0.0,1.0,0.0,0.0,Crash  ,1,2,1,0,0,0,1,0,3,1,0,0,0,1,2,0
105,0,0,0,0,0,0,0,0,0,0,0,1,87.0,0.0,0.0,0.0,0.0,0.0,0.0,0.0,1.0,0.0,0.0,0.0,0.0,0.0,0.0,0.0,0.0,1.0,0.0,0.0,0.0,0.0,0.0,Brokeback Mountain  ,0,6,0,1,1,0,1,0,4,1,0,0,0,2,1,0
106,0,0,0,0,0,0,0,0,0,0,0,1,88.0,0.0,0.0,0.0,1.0,0.0,1.0,0.0,1.0,0.0,0.0,0.0,1.0,0.0,0.0,0.0,0.0,0.0,0.0,0.0,0.0,0.0,0.0,Capote  ,0,5,0,5,1,0,1,0,1,1,0,0,0,0,0,0
107,0,0,0,0,0,0,0,0,0,0,0,1,80.0,0.0,0.0,0.0,1.0,0.0,0.0,0.0,1.0,0.0,0.0,0.0,1.0,0.0,0.0,0.0,0.0,0.0,0.0,0.0,0.0,0.0,0.0,"Good Night, and Good Luck.  ",0,4,1,3,1,0,1,0,2,1,0,0,0,0,1,0
108,0,0,1,0,0,0,0,0,0,0,0,0,74.0,0.0,0.0,0.0,1.0,0.0,1.0,0.0,1.0,0.0,0.0,0.0,1.0,0.0,0.0,0.0,0.0,0.0,0.0,0.0,1.0,0.0,0.0,Munich  ,0,40,2,20,0,0,1,0,2,1,5,0,1,3,1,3
109,0,0,1,0,0,0,0,0,0,0,0,0,86.0,0.0,0.0,0.0,0.0,0.0,0.0,0.0,1.0,0.0,0.0,0.0,0.0,0.0,0.0,0.0,0.0,0.0,0.0,1.0,0.0,0.0,0.0,Million Dollar Baby  ,1,18,1,9,1,1,1,1,2,1,1,0,2,2,2,2
110,0,0,0,0,0,0,0,0,0,0,0,1,67.0,0.0,0.0,0.0,1.0,0.0,0.0,0.0,1.0,1.0,0.0,0.0,0.0,0.0,0.0,0.0,0.0,0.0,0.0,0.0,0.0,0.0,0.0,Finding Neverland  ,0,15,1,5,1,0,0,0,4,1,1,0,0,0,0,0
111,0,0,0,0,0,0,0,0,0,0,0,1,73.0,0.0,0.0,0.0,1.0,0.0,0.0,0.0,1.0,0.0,0.0,0.0,0.0,0.0,1.0,0.0,0.0,0.0,0.0,0.0,0.0,0.0,0.0,Ray  ,0,9,1,5,1,0,1,0,3,0,0,0,0,0,1,1
112,0,0,0,0,0,0,0,0,0,0,0,1,94.0,0.0,0.0,0.0,0.0,1.0,0.0,0.0,1.0,0.0,0.0,0.0,0.0,0.0,0.0,0.0,0.0,1.0,0.0,0.0,0.0,0.0,0.0,Sideways  ,0,2,0,0,0,0,1,0,2,1,0,0,0,0,0,0
113,0,0,1,0,0,0,0,0,0,0,0,0,77.0,0.0,0.0,0.0,1.0,0.0,0.0,0.0,1.0,0.0,0.0,0.0,0.0,0.0,0.0,0.0,0.0,0.0,0.0,0.0,0.0,0.0,0.0,The Aviator  ,0,50,0,8,1,0,1,0,7,1,1,0,0,2,0,0
114,0,0,1,0,0,0,0,0,0,0,0,0,94.0,0.0,1.0,0.0,0.0,0.0,0.0,0.0,1.0,0.0,1.0,0.0,0.0,0.0,0.0,0.0,0.0,0.0,0.0,0.0,0.0,0.0,0.0,The Lord of the Rings: The Return of the King  ,1,17,3,13,0,0,1,0,8,1,2,0,0,3,3,0
115,0,1,0,0,0,0,0,0,0,0,0,0,89.0,0.0,0.0,0.0,0.0,0.0,0.0,0.0,1.0,0.0,0.0,0.0,0.0,0.0,0.0,0.0,0.0,0.0,0.0,0.0,0.0,0.0,0.0,Lost in Translation  ,0,11,0,6,1,0,1,0,0,1,1,0,0,0,2,0
116,0,0,0,0,0,0,0,0,0,1,0,0,81.0,1.0,1.0,0.0,0.0,0.0,0.0,0.0,1.0,0.0,0.0,0.0,1.0,0.0,0.0,0.0,0.0,0.0,0.0,0.0,0.0,1.0,0.0,Master and Commander: The Far Side of the World  ,0,27,3,7,0,0,1,0,8,0,0,0,0,4,1,0
117,0,0,0,0,0,0,0,0,1,0,0,0,84.0,0.0,0.0,0.0,0.0,0.0,1.0,0.0,1.0,0.0,0.0,0.0,0.0,0.0,0.0,0.0,1.0,0.0,0.0,0.0,1.0,0.0,0.0,Mystic River  ,0,18,3,11,1,0,1,0,2,1,0,0,1,1,1,2
118,0,0,0,0,0,1,0,0,0,0,0,0,72.0,0.0,0.0,0.0,0.0,0.0,0.0,0.0,1.0,0.0,0.0,0.0,1.0,0.0,0.0,0.0,0.0,0.0,0.0,1.0,0.0,0.0,0.0,Seabiscuit  ,0,30,2,4,0,0,0,0,5,1,4,0,0,2,1,0
119,0,0,1,0,0,0,0,0,0,0,0,0,82.0,0.0,0.0,0.0,0.0,1.0,1.0,0.0,0.0,0.0,0.0,0.0,0.0,0.0,0.0,1.0,0.0,0.0,0.0,0.0,0.0,0.0,0.0,Chicago  ,1,20,1,4,0,1,1,0,9,1,0,0,0,0,0,0
120,0,0,1,0,0,0,0,0,0,0,0,0,72.0,0.0,0.0,0.0,0.0,0.0,1.0,0.0,1.0,0.0,0.0,0.0,0.0,0.0,0.0,0.0,0.0,0.0,0.0,0.0,0.0,0.0,0.0,Gangs of New York  ,0,30,1,10,1,0,1,0,6,1,0,0,1,0,0,0
121,0,0,1,0,0,0,0,0,0,0,0,0,80.0,0.0,0.0,0.0,0.0,0.0,0.0,0.0,1.0,0.0,0.0,0.0,0.0,0.0,0.0,0.0,0.0,1.0,0.0,0.0,0.0,0.0,0.0,The Hours  ,0,30,3,4,0,1,1,0,5,1,0,0,0,0,0,0
122,0,0,1,0,0,0,0,0,0,0,0,0,87.0,0.0,1.0,0.0,0.0,0.0,0.0,0.0,1.0,0.0,1.0,0.0,0.0,0.0,0.0,0.0,0.0,0.0,0.0,0.0,0.0,0.0,0.0,The Lord of the Rings: The Two Towers  ,0,14,1,11,0,0,0,0,5,0,1,0,0,3,0,0
123,0,0,0,0,0,0,0,0,1,0,0,0,85.0,0.0,0.0,0.0,1.0,0.0,0.0,0.0,1.0,0.0,0.0,0.0,0.0,0.0,1.0,0.0,0.0,0.0,0.0,0.0,0.0,1.0,0.0,The Pianist  ,0,4,0,1,1,0,1,0,3,1,0,0,0,3,1,0
124,0,0,1,0,0,0,0,0,0,0,0,0,72.0,0.0,0.0,0.0,1.0,0.0,0.0,0.0,1.0,0.0,0.0,0.0,0.0,0.0,0.0,0.0,0.0,0.0,0.0,0.0,0.0,0.0,0.0,A Beautiful Mind  ,1,20,1,7,1,0,1,0,4,1,1,0,0,1,1,0
125,0,0,0,0,0,0,0,0,0,1,0,0,90.0,0.0,0.0,0.0,0.0,1.0,0.0,0.0,1.0,0.0,0.0,0.0,0.0,0.0,0.0,0.0,1.0,0.0,0.0,0.0,0.0,0.0,0.0,Gosford Park  ,0,18,0,4,0,0,1,0,4,1,1,0,0,4,1,0
126,0,0,0,0,1,0,0,0,0,0,0,0,86.0,0.0,0.0,0.0,0.0,0.0,1.0,0.0,1.0,0.0,0.0,0.0,0.0,0.0,0.0,0.0,0.0,0.0,0.0,0.0,0.0,0.0,0.0,In the Bedroom  ,0,9,0,4,1,1,0,0,1,1,0,0,0,0,1,0
127,0,0,0,0,0,0,0,0,1,0,0,0,66.0,0.0,0.0,0.0,0.0,0.0,0.0,0.0,1.0,0.0,0.0,0.0,0.0,0.0,0.0,1.0,0.0,1.0,0.0,0.0,0.0,0.0,0.0,Moulin Rouge!  ,0,10,1,1,0,1,0,0,6,0,0,0,0,0,0,0
128,0,0,1,0,0,0,0,0,0,0,0,0,92.0,0.0,1.0,0.0,0.0,0.0,0.0,0.0,1.0,0.0,1.0,0.0,0.0,0.0,0.0,0.0,0.0,0.0,0.0,0.0,0.0,0.0,0.0,The Lord of the Rings: The Fellowship of the Ring  ,0,7,1,3,0,0,1,0,10,1,0,0,0,1,2,0
129,0,0,0,0,0,0,0,0,1,0,0,0,67.0,1.0,1.0,0.0,0.0,0.0,0.0,0.0,1.0,0.0,0.0,0.0,0.0,0.0,0.0,0.0,0.0,0.0,0.0,0.0,0.0,0.0,0.0,Gladiator  ,1,25,0,5,1,0,1,0,8,1,1,0,1,0,1,0
130,0,0,1,0,0,0,0,0,0,0,0,0,64.0,0.0,0.0,0.0,0.0,0.0,0.0,0.0,1.0,0.0,0.0,0.0,0.0,0.0,0.0,0.0,0.0,1.0,0.0,0.0,0.0,0.0,0.0,Chocolat  ,0,14,0,5,0,1,0,0,2,1,3,0,0,0,0,1
131,0,0,0,0,0,0,0,0,1,0,0,0,94.0,1.0,1.0,0.0,0.0,0.0,0.0,0.0,0.0,0.0,1.0,0.0,0.0,0.0,0.0,0.0,0.0,1.0,0.0,0.0,0.0,0.0,0.0,Wo hu cang long  ,0,0,0,0,0,0,1,0,7,1,0,0,0,0,1,0
132,0,0,0,0,0,0,0,1,0,0,0,0,73.0,0.0,0.0,0.0,1.0,0.0,0.0,0.0,1.0,0.0,0.0,0.0,0.0,0.0,0.0,0.0,0.0,0.0,0.0,0.0,0.0,0.0,0.0,Erin Brockovich  ,0,19,2,1,0,1,1,0,1,1,1,0,0,0,0,0
133,0,0,1,0,0,0,0,0,0,0,0,0,86.0,0.0,0.0,0.0,0.0,0.0,1.0,0.0,1.0,0.0,0.0,0.0,0.0,0.0,0.0,0.0,0.0,0.0,0.0,0.0,1.0,0.0,0.0,Traffic  ,0,7,3,2,0,0,1,0,2,1,0,0,1,0,0,0
134,0,0,0,0,0,0,0,0,0,0,0,1,84.0,0.0,0.0,0.0,0.0,0.0,0.0,0.0,1.0,0.0,0.0,0.0,0.0,0.0,0.0,0.0,0.0,0.0,0.0,0.0,0.0,0.0,0.0,American Beauty  ,1,18,0,4,1,1,1,1,3,1,0,0,0,0,0,0
135,0,0,0,0,0,0,0,0,0,0,0,1,75.0,0.0,0.0,0.0,0.0,0.0,0.0,0.0,1.0,0.0,0.0,0.0,0.0,0.0,0.0,0.0,0.0,1.0,0.0,0.0,0.0,0.0,0.0,The Cider House Rules  ,0,14,1,3,0,0,1,0,4,1,0,0,0,0,0,0
136,0,0,1,0,0,0,0,0,0,0,0,0,61.0,0.0,0.0,0.0,0.0,0.0,1.0,0.0,1.0,0.0,1.0,0.0,0.0,0.0,0.0,0.0,1.0,0.0,0.0,0.0,0.0,0.0,0.0,The Green Mile  ,0,35,0,14,0,0,0,0,2,1,0,0,0,1,1,0
137,0,0,0,0,0,0,0,0,0,0,1,0,84.0,0.0,0.0,0.0,1.0,0.0,0.0,0.0,1.0,0.0,0.0,0.0,0.0,0.0,0.0,0.0,0.0,0.0,0.0,0.0,1.0,0.0,0.0,The Insider  ,0,35,1,9,1,0,1,0,3,1,0,0,0,0,2,0
138,0,1,0,0,0,0,0,0,0,0,0,0,64.0,0.0,0.0,0.0,0.0,0.0,0.0,0.0,1.0,0.0,0.0,0.0,0.0,0.0,0.0,0.0,1.0,0.0,0.0,0.0,1.0,0.0,0.0,The Sixth Sense  ,0,1,1,1,0,0,1,0,3,1,3,0,0,0,0,0
139,0,0,1,0,0,0,0,0,0,0,0,0,87.0,0.0,0.0,0.0,0.0,1.0,0.0,0.0,1.0,0.0,0.0,0.0,1.0,0.0,0.0,0.0,0.0,1.0,0.0,0.0,0.0,0.0,0.0,Shakespeare in Love  ,1,7,1,2,0,1,1,0,9,1,0,0,0,0,1,0
140,0,0,0,0,0,0,0,0,0,0,0,1,75.0,0.0,0.0,0.0,1.0,0.0,0.0,0.0,1.0,0.0,0.0,0.0,1.0,0.0,0.0,0.0,0.0,0.0,0.0,0.0,0.0,0.0,0.0,Elizabeth  ,0,6,1,6,0,1,0,0,5,0,0,0,0,0,0,0
141,0,0,1,0,0,0,0,0,0,0,0,0,59.0,0.0,0.0,0.0,0.0,1.0,0.0,0.0,1.0,0.0,0.0,0.0,0.0,0.0,0.0,0.0,0.0,1.0,0.0,0.0,0.0,1.0,0.0,La vita è bella  ,0,6,0,2,1,0,1,0,3,1,0,0,0,0,0,0
142,0,0,0,0,0,1,0,0,0,0,0,0,91.0,0.0,0.0,0.0,0.0,0.0,0.0,0.0,1.0,0.0,0.0,0.0,0.0,0.0,0.0,0.0,0.0,0.0,0.0,0.0,0.0,1.0,0.0,Saving Private Ryan  ,0,24,1,16,1,0,1,0,7,1,2,0,1,3,1,2
143,0,0,1,0,0,0,0,0,0,0,0,0,78.0,0.0,0.0,0.0,0.0,0.0,0.0,0.0,1.0,0.0,0.0,0.0,0.0,0.0,0.0,0.0,0.0,0.0,0.0,0.0,0.0,1.0,0.0,The Thin Red Line  ,0,15,3,5,0,0,1,0,4,1,0,0,0,0,0,0
144,0,0,0,0,0,0,0,0,0,1,0,0,75.0,0.0,0.0,0.0,0.0,0.0,0.0,0.0,1.0,0.0,0.0,0.0,0.0,0.0,0.0,0.0,0.0,1.0,0.0,0.0,0.0,0.0,0.0,Titanic  ,1,31,1,14,0,1,1,0,11,0,0,0,0,0,2,0
145,0,0,1,0,0,0,0,0,0,0,0,0,67.0,0.0,0.0,0.0,0.0,1.0,0.0,0.0,1.0,0.0,0.0,0.0,0.0,0.0,0.0,0.0,0.0,1.0,0.0,0.0,0.0,0.0,0.0,As Good as It Gets  ,0,22,0,8,1,1,0,0,3,1,2,0,1,1,1,2
146,0,0,1,0,0,0,0,0,0,0,0,0,70.0,0.0,0.0,0.0,0.0,0.0,0.0,0.0,1.0,0.0,0.0,0.0,0.0,0.0,0.0,0.0,0.0,1.0,0.0,0.0,0.0,0.0,0.0,Good Will Hunting  ,0,12,1,3,1,0,1,0,5,1,1,0,0,0,0,0
147,0,0,0,0,0,0,0,0,1,0,0,0,90.0,0.0,0.0,0.0,0.0,0.0,1.0,0.0,1.0,0.0,0.0,0.0,0.0,0.0,0.0,0.0,1.0,0.0,0.0,0.0,1.0,0.0,0.0,L.A. Confidential  ,0,22,0,4,0,0,1,0,6,1,0,0,0,0,2,0
148,0,1,0,0,0,0,0,0,0,0,0,0,75.0,0.0,0.0,0.0,0.0,1.0,0.0,0.0,1.0,0.0,0.0,0.0,0.0,0.0,0.0,0.0,0.0,0.0,0.0,0.0,0.0,0.0,0.0,The Full Monty  ,0,1,0,0,0,0,1,0,1,1,0,0,0,0,0,0
149,0,0,0,0,0,0,0,0,0,1,0,0,87.0,0.0,0.0,0.0,0.0,0.0,0.0,0.0,1.0,0.0,0.0,0.0,0.0,0.0,0.0,0.0,0.0,1.0,0.0,0.0,0.0,1.0,0.0,The English Patient  ,1,24,0,8,1,1,1,1,7,1,0,0,2,0,1,0
150,0,0,0,0,0,0,0,1,0,0,0,0,85.0,0.0,0.0,0.0,0.0,0.0,1.0,0.0,1.0,0.0,0.0,0.0,0.0,0.0,0.0,0.0,0.0,0.0,0.0,0.0,1.0,0.0,0.0,Fargo  ,0,3,0,0,0,1,1,0,3,1,0,0,0,0,2,0
151,0,0,1,0,0,0,0,0,0,0,0,0,77.0,0.0,0.0,0.0,0.0,1.0,0.0,0.0,1.0,0.0,0.0,0.0,0.0,0.0,0.0,0.0,0.0,1.0,0.0,1.0,0.0,0.0,0.0,Jerry Maguire  ,0,15,1,6,1,0,0,0,2,1,1,0,1,1,1,2
152,0,0,0,0,0,0,0,0,1,0,0,0,91.0,0.0,0.0,0.0,0.0,0.0,0.0,0.0,1.0,0.0,0.0,0.0,0.0,0.0,0.0,0.0,0.0,0.0,0.0,0.0,0.0,0.0,0.0,Secrets & Lies  ,0,0,0,0,0,1,1,0,1,1,0,0,0,0,0,0
153,0,0,0,0,1,0,0,0,0,0,0,0,87.0,0.0,0.0,0.0,1.0,0.0,0.0,0.0,1.0,0.0,0.0,0.0,0.0,0.0,1.0,0.0,0.0,1.0,0.0,0.0,0.0,0.0,0.0,Shine  ,0,2,0,1,1,0,1,0,3,1,0,0,0,0,0,0
154,0,0,0,0,0,0,0,0,1,0,0,0,68.0,0.0,0.0,0.0,1.0,0.0,0.0,0.0,1.0,0.0,0.0,0.0,1.0,0.0,0.0,0.0,0.0,0.0,0.0,0.0,0.0,1.0,0.0,Braveheart  ,1,10,1,3,0,0,1,0,7,1,0,0,0,0,1,0
155,0,0,0,0,0,0,1,0,0,0,0,0,77.0,0.0,1.0,0.0,0.0,0.0,0.0,0.0,1.0,0.0,0.0,0.0,1.0,0.0,0.0,0.0,0.0,0.0,0.0,0.0,0.0,0.0,0.0,Apollo 13  ,0,13,1,8,0,0,0,0,7,1,0,0,0,1,0,0
156,0,1,0,0,0,0,0,0,0,0,0,0,83.0,0.0,0.0,0.0,0.0,1.0,0.0,0.0,1.0,1.0,0.0,0.0,0.0,0.0,0.0,0.0,0.0,0.0,0.0,0.0,0.0,0.0,0.0,Babe  ,0,1,0,1,0,0,1,0,4,1,0,0,0,1,1,0
157,0,0,0,0,0,0,0,0,0,0,0,1,81.0,0.0,0.0,0.0,1.0,1.0,0.0,0.0,1.0,0.0,0.0,0.0,0.0,0.0,0.0,0.0,0.0,1.0,0.0,0.0,0.0,0.0,0.0,Il postino  ,0,2,0,0,1,0,1,0,1,1,0,0,0,0,0,0
158,0,0,1,0,0,0,0,0,0,0,0,0,84.0,0.0,0.0,0.0,0.0,0.0,0.0,0.0,1.0,0.0,0.0,0.0,0.0,0.0,0.0,0.0,0.0,1.0,0.0,0.0,0.0,0.0,0.0,Sense and Sensibility  ,0,15,0,5,0,1,0,0,4,1,0,0,0,0,0,0
159,0,0,0,0,0,0,1,0,0,0,0,0,82.0,0.0,0.0,0.0,0.0,0.0,0.0,0.0,1.0,0.0,0.0,0.0,0.0,0.0,0.0,0.0,0.0,1.0,0.0,0.0,0.0,0.0,0.0,Forrest Gump  ,1,14,0,14,1,0,1,0,9,1,0,0,0,0,0,0
160,0,0,0,0,1,0,0,0,0,0,0,0,81.0,0.0,0.0,0.0,0.0,1.0,0.0,0.0,1.0,0.0,0.0,0.0,0.0,0.0,0.0,0.0,0.0,1.0,0.0,0.0,0.0,0.0,0.0,Four Weddings and a Funeral  ,0,2,0,0,0,0,0,0,0,1,0,0,0,0,0,0
161,0,0,0,0,0,0,0,0,1,0,0,0,94.0,0.0,0.0,0.0,0.0,0.0,1.0,0.0,1.0,0.0,0.0,0.0,0.0,0.0,0.0,0.0,0.0,0.0,0.0,0.0,0.0,0.0,0.0,Pulp Fiction  ,0,6,1,2,1,0,1,0,3,1,0,0,0,0,0,0
162,0,0,0,0,0,0,0,0,0,0,0,1,88.0,0.0,0.0,0.0,1.0,0.0,0.0,0.0,1.0,0.0,0.0,0.0,1.0,0.0,0.0,0.0,0.0,0.0,0.0,0.0,0.0,0.0,0.0,Quiz Show  ,0,22,2,9,0,0,1,0,1,1,0,0,0,2,1,2
163,0,0,0,0,0,0,0,0,0,0,0,1,80.0,0.0,0.0,0.0,0.0,0.0,0.0,0.0,1.0,0.0,0.0,0.0,0.0,0.0,0.0,0.0,0.0,0.0,0.0,0.0,0.0,0.0,0.0,The Shawshank Redemption  ,0,17,2,6,1,0,0,0,4,1,0,0,0,0,0,0
164,0,0,0,0,0,0,0,0,0,1,0,0,94.0,0.0,0.0,0.0,1.0,0.0,0.0,0.0,1.0,0.0,0.0,0.0,1.0,0.0,0.0,0.0,0.0,0.0,0.0,0.0,0.0,0.0,0.0,Schindler's List  ,1,11,1,6,1,0,1,0,8,1,2,0,0,3,1,1
165,0,0,1,0,0,0,0,0,0,0,0,0,84.0,0.0,0.0,0.0,1.0,0.0,0.0,0.0,1.0,0.0,0.0,0.0,0.0,0.0,0.0,0.0,0.0,0.0,0.0,0.0,0.0,0.0,0.0,In the Name of the Father  ,0,31,2,13,1,0,1,0,3,1,0,0,0,2,2,0
166,0,0,0,0,0,1,0,0,0,0,0,0,87.0,1.0,0.0,0.0,0.0,0.0,1.0,0.0,1.0,0.0,0.0,0.0,0.0,0.0,0.0,0.0,1.0,0.0,0.0,0.0,1.0,0.0,0.0,The Fugitive  ,0,21,0,1,0,0,0,0,6,0,0,0,1,0,0,0
167,0,0,0,0,0,0,0,0,1,0,0,0,89.0,0.0,0.0,0.0,0.0,0.0,0.0,0.0,1.0,0.0,0.0,0.0,0.0,0.0,1.0,0.0,0.0,1.0,0.0,0.0,0.0,0.0,0.0,The Piano  ,0,2,1,1,0,1,1,0,4,1,0,0,0,0,0,0
168,0,0,0,0,0,0,0,0,0,0,1,0,84.0,0.0,0.0,0.0,0.0,0.0,0.0,0.0,1.0,0.0,0.0,0.0,0.0,0.0,0.0,0.0,0.0,1.0,0.0,0.0,0.0,0.0,0.0,The Remains of the Day  ,0,9,1,6,1,1,1,1,3,1,2,0,0,4,0,1
169,0,1,0,0,0,0,0,0,0,0,0,0,85.0,0.0,0.0,0.0,0.0,0.0,0.0,0.0,1.0,0.0,0.0,0.0,0.0,0.0,0.0,0.0,0.0,0.0,0.0,0.0,0.0,0.0,1.0,Unforgiven  ,1,22,0,9,1,0,1,0,5,1,0,0,0,0,2,0
170,0,0,1,0,0,0,0,0,0,0,0,0,62.0,0.0,0.0,0.0,0.0,0.0,0.0,0.0,1.0,0.0,0.0,0.0,0.0,0.0,0.0,0.0,0.0,0.0,0.0,0.0,1.0,0.0,0.0,A Few Good Men  ,0,23,0,8,0,0,0,0,3,0,2,0,0,0,0,1
171,0,0,0,1,0,0,0,0,0,0,0,0,89.0,0.0,0.0,0.0,0.0,0.0,0.0,0.0,1.0,0.0,0.0,0.0,0.0,0.0,0.0,0.0,0.0,1.0,0.0,0.0,0.0,0.0,0.0,Howards End  ,0,12,0,4,0,1,1,0,5,1,1,0,0,1,0,0
172,0,0,1,0,0,0,0,0,0,0,0,0,59.0,0.0,0.0,0.0,0.0,0.0,0.0,0.0,1.0,0.0,0.0,0.0,0.0,0.0,0.0,0.0,0.0,0.0,0.0,0.0,0.0,0.0,0.0,Scent of a Woman  ,0,20,2,5,1,0,1,0,0,1,0,0,0,0,1,0
173,0,0,0,0,0,0,0,0,0,0,0,1,90.0,0.0,0.0,0.0,0.0,0.0,1.0,0.0,1.0,0.0,0.0,0.0,0.0,0.0,0.0,0.0,0.0,1.0,0.0,0.0,1.0,0.0,0.0,The Crying Game  ,0,2,1,0,1,0,1,0,2,1,0,0,0,0,0,0
174,0,0,0,0,1,0,0,0,0,0,0,0,85.0,0.0,0.0,0.0,0.0,0.0,1.0,0.0,1.0,0.0,0.0,0.0,0.0,0.0,0.0,0.0,0.0,0.0,0.0,0.0,1.0,0.0,0.0,The Silence of the Lambs  ,1,9,0,3,1,1,1,1,2,1,0,0,0,0,0,0
175,0,0,0,0,0,0,0,0,0,0,0,1,95.0,0.0,0.0,1.0,0.0,0.0,0.0,0.0,0.0,1.0,1.0,0.0,0.0,0.0,0.0,1.0,0.0,1.0,0.0,0.0,0.0,0.0,0.0,Beauty and the Beast  ,0,9,0,5,0,0,0,0,5,0,0,0,0,0,0,0
176,0,0,1,0,0,0,0,0,0,0,0,0,80.0,0.0,0.0,0.0,1.0,0.0,1.0,0.0,1.0,0.0,0.0,0.0,0.0,0.0,0.0,0.0,0.0,0.0,0.0,0.0,0.0,0.0,0.0,Bugsy  ,0,18,5,6,1,0,1,0,6,1,3,0,1,10,2,2
177,0,0,1,0,0,0,0,0,0,0,0,0,72.0,0.0,0.0,0.0,0.0,0.0,0.0,0.0,1.0,0.0,0.0,0.0,1.0,0.0,0.0,0.0,0.0,0.0,0.0,0.0,1.0,0.0,0.0,JFK  ,0,25,0,10,0,0,1,0,5,1,1,0,0,3,2,3
178,0,0,1,0,0,0,0,0,0,0,0,0,65.0,0.0,0.0,0.0,0.0,0.0,0.0,0.0,1.0,0.0,0.0,0.0,0.0,0.0,0.0,0.0,0.0,1.0,0.0,0.0,0.0,0.0,0.0,The Prince of Tides  ,0,12,0,3,1,0,0,0,4,1,0,0,0,1,0,2
179,0,0,0,0,0,0,0,0,0,0,1,0,72.0,0.0,1.0,0.0,0.0,0.0,0.0,0.0,1.0,0.0,0.0,0.0,0.0,0.0,0.0,0.0,0.0,0.0,0.0,0.0,0.0,0.0,1.0,Dances with Wolves  ,1,3,0,2,1,0,1,0,8,1,0,0,0,0,2,0
180,0,0,1,0,0,0,0,0,0,0,0,0,74.0,0.0,0.0,0.0,1.0,0.0,0.0,0.0,1.0,0.0,0.0,0.0,0.0,0.0,0.0,0.0,0.0,0.0,0.0,0.0,0.0,0.0,0.0,Awakenings  ,0,16,0,4,1,0,0,0,0,1,0,0,0,2,0,0
181,0,0,0,0,0,1,0,0,0,0,0,0,52.0,0.0,0.0,0.0,0.0,0.0,0.0,0.0,1.0,0.0,1.0,0.0,0.0,0.0,0.0,0.0,0.0,1.0,0.0,0.0,1.0,0.0,0.0,Ghost  ,0,14,1,11,0,0,0,0,3,1,0,0,0,0,0,0
182,0,0,0,0,0,0,0,0,0,0,0,1,90.0,0.0,0.0,0.0,1.0,0.0,1.0,0.0,1.0,0.0,0.0,0.0,0.0,0.0,0.0,0.0,0.0,0.0,0.0,0.0,0.0,0.0,0.0,Goodfellas  ,0,15,1,4,0,0,1,0,3,1,2,0,1,0,0,0
183,0,0,1,0,0,0,0,0,0,0,0,0,60.0,0.0,0.0,0.0,0.0,0.0,1.0,0.0,1.0,0.0,0.0,0.0,0.0,0.0,0.0,0.0,0.0,0.0,0.0,0.0,0.0,0.0,0.0,The Godfather: Part III  ,0,38,4,12,0,0,1,0,5,0,3,0,1,4,1,4
184,0,0,1,0,0,0,0,0,0,0,0,0,81.0,0.0,0.0,0.0,0.0,0.0,0.0,0.0,1.0,0.0,0.0,0.0,0.0,0.0,0.0,0.0,0.0,0.0,0.0,0.0,0.0,0.0,0.0,Driving Miss Daisy  ,1,10,1,0,1,1,0,0,5,1,2,0,0,0,0,0
185,0,0,1,0,0,0,0,0,0,0,0,0,75.0,0.0,0.0,0.0,1.0,0.0,0.0,0.0,1.0,0.0,0.0,0.0,0.0,0.0,0.0,0.0,0.0,0.0,0.0,0.0,0.0,1.0,0.0,Born on the Fourth of July  ,0,7,1,0,1,0,1,0,4,1,0,0,0,2,2,2
186,0,0,0,0,0,0,1,0,0,0,0,0,79.0,0.0,0.0,0.0,0.0,1.0,0.0,0.0,1.0,0.0,0.0,0.0,0.0,0.0,0.0,0.0,0.0,0.0,0.0,0.0,0.0,0.0,0.0,Dead Poets Society  ,0,14,0,2,1,0,1,0,0,1,0,0,0,0,0,0
187,1,0,0,0,0,0,0,0,0,0,0,0,57.0,0.0,0.0,0.0,0.0,0.0,0.0,0.0,1.0,1.0,1.0,0.0,0.0,0.0,0.0,0.0,0.0,0.0,0.0,1.0,0.0,0.0,0.0,Field of Dreams  ,0,18,3,4,0,0,0,0,1,1,0,0,0,0,0,0
188,0,0,0,1,0,0,0,0,0,0,0,0,97.0,0.0,0.0,0.0,1.0,0.0,0.0,0.0,1.0,0.0,0.0,0.0,0.0,0.0,0.0,0.0,0.0,0.0,0.0,0.0,0.0,0.0,0.0,My Left Foot: The Story of Christy Brown  ,0,1,0,0,1,0,1,0,1,1,0,0,0,0,0,0
189,0,0,1,0,0,0,0,0,0,0,0,0,65.0,0.0,0.0,0.0,0.0,0.0,0.0,0.0,1.0,0.0,0.0,0.0,0.0,0.0,0.0,0.0,0.0,0.0,0.0,0.0,0.0,0.0,0.0,Rain Man  ,1,13,0,4,1,0,1,0,4,1,0,0,0,0,0,0
190,0,0,1,0,0,0,0,0,0,0,0,0,74.0,0.0,0.0,0.0,0.0,0.0,0.0,0.0,1.0,0.0,0.0,0.0,0.0,0.0,0.0,0.0,0.0,1.0,0.0,0.0,0.0,0.0,0.0,Dangerous Liaisons  ,0,9,1,3,0,1,0,0,4,1,0,0,0,0,0,0
191,0,0,1,0,0,0,0,0,0,0,0,0,65.0,0.0,0.0,0.0,0.0,0.0,1.0,0.0,1.0,0.0,0.0,0.0,1.0,0.0,0.0,0.0,1.0,0.0,0.0,0.0,1.0,0.0,0.0,Mississippi Burning  ,0,11,0,2,1,0,1,0,4,0,0,0,0,0,0,0
192,0,0,1,0,0,0,0,0,0,0,0,0,53.0,0.0,0.0,0.0,0.0,0.0,0.0,0.0,1.0,0.0,0.0,0.0,0.0,0.0,0.0,0.0,0.0,1.0,0.0,0.0,0.0,0.0,0.0,The Accidental Tourist  ,0,17,2,2,0,0,0,0,2,1,0,0,0,1,1,0
193,0,0,1,0,0,0,0,0,0,0,0,0,73.0,0.0,0.0,0.0,0.0,1.0,0.0,0.0,1.0,0.0,0.0,0.0,0.0,0.0,0.0,0.0,0.0,1.0,0.0,0.0,0.0,0.0,0.0,Working Girl  ,0,15,1,3,0,1,1,0,3,0,0,0,0,0,0,0
194,0,0,0,0,0,0,0,0,0,0,1,0,76.0,0.0,0.0,0.0,1.0,0.0,0.0,0.0,1.0,0.0,0.0,0.0,1.0,0.0,0.0,0.0,0.0,0.0,0.0,0.0,0.0,0.0,0.0,The Last Emperor  ,1,9,0,2,0,0,1,0,6,1,0,0,0,0,0,0
195,0,0,1,0,0,0,0,0,0,0,0,0,84.0,0.0,0.0,0.0,0.0,1.0,0.0,0.0,1.0,0.0,0.0,0.0,0.0,0.0,0.0,0.0,0.0,1.0,0.0,0.0,0.0,0.0,0.0,Broadcast News  ,0,21,1,6,1,1,0,0,3,1,0,0,1,0,1,2
196,0,0,0,0,0,0,0,0,0,0,0,1,67.0,0.0,0.0,0.0,0.0,0.0,0.0,0.0,1.0,0.0,0.0,0.0,0.0,0.0,0.0,0.0,0.0,0.0,0.0,0.0,1.0,0.0,0.0,Fatal Attraction  ,0,11,2,2,0,1,1,0,2,1,0,0,1,0,0,0
197,0,1,0,0,0,0,0,0,0,0,0,0,,0.0,0.0,0.0,0.0,1.0,0.0,0.0,1.0,0.0,0.0,0.0,0.0,0.0,0.0,0.0,0.0,1.0,0.0,0.0,0.0,0.0,0.0,Hope and Glory  ,0,5,0,1,0,0,1,0,2,1,1,0,0,1,2,0
198,0,0,1,0,0,0,0,0,0,0,0,0,83.0,0.0,0.0,0.0,0.0,1.0,0.0,0.0,1.0,0.0,0.0,0.0,0.0,0.0,0.0,0.0,0.0,1.0,0.0,0.0,0.0,0.0,0.0,Moonstruck  ,0,6,0,3,0,1,1,0,2,1,4,0,0,2,1,0
199,0,0,1,0,0,0,0,0,0,0,0,0,92.0,0.0,0.0,0.0,0.0,0.0,0.0,0.0,1.0,0.0,0.0,0.0,0.0,0.0,0.0,0.0,0.0,0.0,0.0,0.0,0.0,1.0,0.0,Platoon  ,1,7,1,4,0,0,1,0,5,1,0,0,0,0,0,0
200,0,0,1,0,0,0,0,0,0,0,0,0,80.0,0.0,0.0,0.0,0.0,0.0,0.0,0.0,1.0,0.0,0.0,0.0,0.0,0.0,0.0,0.0,0.0,1.0,0.0,0.0,0.0,0.0,0.0,A Room with a View  ,0,5,0,2,0,0,1,0,5,1,0,0,0,1,0,0
201,0,0,0,0,0,0,0,0,0,0,0,1,80.0,0.0,0.0,0.0,0.0,0.0,0.0,0.0,1.0,0.0,0.0,0.0,0.0,0.0,0.0,0.0,0.0,1.0,0.0,0.0,0.0,0.0,0.0,Children of a Lesser God  ,0,9,0,7,1,1,0,0,1,1,1,0,0,0,0,0
202,0,0,0,0,1,0,0,0,0,0,0,0,90.0,0.0,0.0,0.0,0.0,1.0,0.0,0.0,1.0,0.0,0.0,0.0,0.0,0.0,0.0,0.0,0.0,0.0,0.0,0.0,0.0,0.0,0.0,Hannah and Her Sisters  ,0,14,0,3,0,0,1,0,4,1,0,0,0,0,0,0
203,0,0,0,0,0,0,0,0,1,0,0,0,55.0,0.0,1.0,0.0,0.0,0.0,0.0,0.0,1.0,0.0,0.0,0.0,1.0,0.0,0.0,0.0,0.0,0.0,0.0,0.0,0.0,0.0,0.0,The Mission  ,0,6,0,8,0,0,1,0,5,0,2,0,1,0,0,0
204,0,0,1,0,0,0,0,0,0,0,0,0,69.0,0.0,0.0,0.0,1.0,0.0,0.0,0.0,1.0,0.0,0.0,0.0,0.0,0.0,0.0,0.0,0.0,1.0,0.0,0.0,0.0,0.0,0.0,Out of Africa  ,1,18,0,6,0,1,1,0,7,1,1,0,0,2,1,0
205,0,0,0,0,0,0,0,0,1,0,0,0,80.0,0.0,0.0,0.0,0.0,0.0,0.0,0.0,1.0,0.0,0.0,0.0,0.0,0.0,0.0,0.0,0.0,0.0,0.0,0.0,0.0,0.0,0.0,Kiss of the Spider Woman  ,0,3,0,4,1,0,1,0,0,1,0,0,0,0,0,0
206,0,0,0,0,0,0,1,0,0,0,0,0,84.0,0.0,0.0,0.0,0.0,1.0,1.0,0.0,1.0,0.0,0.0,0.0,0.0,0.0,0.0,0.0,0.0,1.0,0.0,0.0,0.0,0.0,0.0,Prizzi's Honor  ,0,25,1,4,1,0,1,0,4,1,1,0,0,0,0,0
207,0,0,1,0,0,0,0,0,0,0,0,0,78.0,0.0,0.0,0.0,0.0,0.0,0.0,0.0,1.0,0.0,0.0,0.0,0.0,0.0,0.0,0.0,0.0,0.0,0.0,0.0,0.0,0.0,0.0,The Color Purple  ,0,16,0,7,0,1,0,0,8,1,2,0,0,7,2,0
208,0,0,0,1,0,0,0,0,0,0,0,0,76.0,0.0,0.0,0.0,0.0,0.0,1.0,0.0,1.0,0.0,0.0,0.0,0.0,0.0,0.0,0.0,0.0,1.0,0.0,0.0,1.0,0.0,0.0,Witness  ,0,6,0,3,1,0,1,0,4,1,0,0,0,0,0,0
209,0,0,0,0,0,0,0,0,0,0,0,1,88.0,0.0,0.0,0.0,1.0,0.0,0.0,0.0,1.0,0.0,0.0,0.0,1.0,0.0,1.0,0.0,0.0,0.0,0.0,0.0,0.0,0.0,0.0,Amadeus  ,1,7,0,5,2,0,1,0,6,1,0,0,1,0,0,0
210,0,0,1,0,0,0,0,0,0,0,0,0,,0.0,1.0,0.0,0.0,0.0,0.0,0.0,1.0,0.0,0.0,0.0,1.0,0.0,0.0,0.0,0.0,0.0,0.0,0.0,0.0,0.0,0.0,A Passage to India  ,0,16,0,7,0,1,1,0,7,1,1,0,0,0,0,0
211,0,0,0,0,0,0,0,0,0,0,0,1,,0.0,0.0,0.0,0.0,0.0,1.0,0.0,1.0,0.0,0.0,0.0,0.0,0.0,0.0,0.0,1.0,0.0,0.0,0.0,0.0,1.0,0.0,A Soldier's Story  ,0,1,0,0,0,0,0,0,1,1,2,0,1,2,0,0
212,0,0,0,0,0,0,0,0,0,0,0,1,70.0,0.0,0.0,0.0,0.0,0.0,0.0,0.0,1.0,0.0,0.0,0.0,0.0,0.0,0.0,0.0,0.0,0.0,0.0,0.0,0.0,0.0,0.0,Places in the Heart  ,0,9,1,6,0,1,1,0,3,1,0,0,0,0,0,0
213,0,0,0,0,0,0,0,0,0,1,0,0,76.0,0.0,0.0,0.0,1.0,0.0,0.0,0.0,1.0,0.0,0.0,0.0,1.0,0.0,0.0,0.0,0.0,0.0,0.0,0.0,0.0,1.0,0.0,The Killing Fields  ,0,2,2,1,1,0,1,0,3,1,1,0,1,0,0,0
214,0,0,0,0,0,0,0,0,0,1,0,0,79.0,0.0,0.0,0.0,0.0,1.0,0.0,0.0,1.0,0.0,0.0,0.0,0.0,0.0,0.0,0.0,0.0,0.0,0.0,0.0,0.0,0.0,0.0,Terms of Endearment  ,1,23,0,1,0,2,1,0,6,1,0,0,0,0,2,0
215,0,0,0,0,0,0,0,1,0,0,0,0,,0.0,0.0,0.0,0.0,0.0,0.0,0.0,1.0,0.0,0.0,0.0,0.0,0.0,1.0,0.0,0.0,0.0,0.0,0.0,0.0,0.0,0.0,Tender Mercies  ,0,8,0,2,1,0,1,0,1,1,0,0,0,0,0,0
216,0,0,0,0,0,0,0,0,0,0,0,1,61.0,0.0,0.0,0.0,0.0,1.0,0.0,0.0,1.0,0.0,0.0,0.0,0.0,0.0,0.0,0.0,0.0,0.0,0.0,0.0,0.0,0.0,0.0,The Big Chill  ,0,10,1,3,0,0,0,0,1,1,0,0,0,0,0,0
217,0,0,1,0,0,0,0,0,0,0,0,0,,0.0,0.0,0.0,0.0,0.0,0.0,0.0,1.0,0.0,0.0,0.0,0.0,0.0,0.0,0.0,0.0,0.0,0.0,0.0,0.0,0.0,0.0,The Dresser  ,0,7,0,0,2,0,1,0,0,1,1,0,0,1,1,0
218,0,0,0,0,0,0,0,0,0,0,1,0,91.0,0.0,1.0,0.0,1.0,0.0,0.0,0.0,1.0,0.0,0.0,0.0,1.0,0.0,0.0,0.0,0.0,0.0,0.0,0.0,0.0,0.0,0.0,The Right Stuff  ,0,13,2,4,0,0,0,0,7,0,1,0,1,0,0,0
219,0,0,0,0,0,0,0,0,0,1,0,0,79.0,0.0,0.0,0.0,1.0,0.0,0.0,0.0,1.0,0.0,0.0,0.0,1.0,0.0,0.0,0.0,0.0,0.0,0.0,0.0,0.0,0.0,0.0,Gandhi  ,1,11,0,3,1,0,1,0,7,1,0,0,0,0,1,0
220,0,0,0,0,0,0,0,0,1,0,0,0,91.0,0.0,0.0,0.0,0.0,0.0,0.0,0.0,0.0,1.0,0.0,0.0,0.0,0.0,0.0,0.0,0.0,0.0,1.0,0.0,0.0,0.0,0.0,E.T. the Extra-Terrestrial  ,0,9,1,7,0,0,1,0,6,1,0,0,0,2,1,0
221,0,0,0,1,0,0,0,0,0,0,0,0,78.0,0.0,0.0,0.0,1.0,0.0,0.0,0.0,1.0,0.0,0.0,0.0,1.0,0.0,0.0,0.0,1.0,0.0,0.0,0.0,1.0,0.0,0.0,Missing  ,0,9,0,6,1,1,0,0,0,1,0,0,0,0,0,0
222,0,0,1,0,0,0,0,0,0,0,0,0,77.0,0.0,0.0,0.0,0.0,0.0,0.0,0.0,1.0,0.0,0.0,0.0,0.0,0.0,0.0,0.0,0.0,0.0,0.0,0.0,0.0,0.0,0.0,The Verdict  ,0,18,0,0,1,0,1,0,1,1,1,0,0,0,0,0
223,0,0,1,0,0,0,0,0,0,0,0,0,88.0,0.0,0.0,0.0,0.0,1.0,0.0,0.0,1.0,0.0,0.0,0.0,0.0,0.0,0.0,0.0,0.0,1.0,0.0,0.0,0.0,0.0,0.0,Tootsie  ,0,21,3,4,1,0,1,0,6,1,0,0,0,1,1,0
224,0,0,0,0,0,0,0,1,0,0,0,0,78.0,0.0,0.0,0.0,1.0,0.0,0.0,0.0,1.0,0.0,0.0,0.0,0.0,0.0,0.0,0.0,0.0,0.0,0.0,1.0,0.0,0.0,0.0,Chariots of Fire  ,1,2,1,1,0,0,1,0,4,1,1,0,0,0,0,0
225,0,0,0,0,0,0,0,0,0,0,0,1,85.0,0.0,0.0,0.0,0.0,0.0,1.0,0.0,1.0,0.0,0.0,0.0,0.0,0.0,0.0,0.0,0.0,1.0,0.0,0.0,0.0,0.0,0.0,"Atlantic City, USA  ",0,3,0,2,1,1,1,1,0,1,0,0,0,0,0,0
226,0,0,0,0,0,0,0,0,0,1,0,0,68.0,0.0,0.0,0.0,0.0,0.0,0.0,0.0,1.0,0.0,0.0,0.0,0.0,0.0,0.0,0.0,0.0,0.0,0.0,0.0,0.0,0.0,0.0,On Golden Pond  ,0,40,0,10,1,1,1,1,5,1,0,0,0,0,0,0
227,0,0,0,0,0,0,1,0,0,0,0,0,85.0,1.0,1.0,0.0,0.0,0.0,0.0,0.0,0.0,0.0,0.0,0.0,0.0,0.0,0.0,0.0,0.0,0.0,0.0,0.0,0.0,0.0,0.0,Raiders of the Lost Ark  ,0,13,1,7,0,0,1,0,7,0,0,0,0,0,0,0
228,0,0,1,0,0,0,0,0,0,0,0,0,76.0,0.0,0.0,0.0,1.0,0.0,0.0,0.0,1.0,0.0,0.0,0.0,1.0,0.0,0.0,0.0,0.0,1.0,0.0,0.0,0.0,0.0,0.0,Reds  ,0,18,0,7,1,1,1,1,7,1,2,0,0,5,3,0
229,0,0,0,0,0,0,0,0,0,0,0,1,87.0,0.0,0.0,0.0,0.0,0.0,0.0,0.0,1.0,0.0,0.0,0.0,0.0,0.0,0.0,0.0,0.0,0.0,0.0,0.0,0.0,0.0,0.0,Ordinary People  ,1,8,1,2,0,1,1,0,2,1,0,0,0,0,0,0
230,0,0,0,0,0,0,0,1,0,0,0,0,87.0,0.0,0.0,0.0,1.0,0.0,0.0,0.0,1.0,0.0,0.0,0.0,0.0,0.0,1.0,0.0,0.0,0.0,0.0,0.0,0.0,0.0,0.0,Coal Miner's Daughter  ,0,8,0,2,0,1,0,0,4,1,0,0,0,0,0,0
231,0,0,0,0,0,0,0,0,0,1,0,0,89.0,0.0,0.0,0.0,1.0,0.0,0.0,0.0,1.0,0.0,0.0,0.0,0.0,0.0,0.0,0.0,0.0,0.0,0.0,1.0,0.0,0.0,0.0,Raging Bull  ,0,9,0,6,1,0,1,0,5,0,0,0,1,0,0,0
232,0,0,0,0,0,0,0,0,0,0,1,0,82.0,0.0,0.0,0.0,0.0,0.0,0.0,0.0,1.0,0.0,0.0,0.0,0.0,0.0,0.0,0.0,0.0,1.0,0.0,0.0,0.0,0.0,0.0,Tess  ,0,7,0,3,0,0,1,0,4,0,0,0,0,0,0,1
233,0,0,0,0,0,0,0,0,0,0,1,0,77.0,0.0,0.0,0.0,1.0,0.0,0.0,0.0,1.0,0.0,0.0,0.0,0.0,0.0,0.0,0.0,0.0,0.0,0.0,0.0,0.0,0.0,0.0,The Elephant Man  ,0,15,0,6,1,0,1,0,4,1,0,0,0,0,0,0
234,0,0,1,0,0,0,0,0,0,0,0,0,77.0,0.0,0.0,0.0,0.0,0.0,0.0,0.0,1.0,0.0,0.0,0.0,0.0,0.0,0.0,0.0,0.0,0.0,0.0,0.0,0.0,0.0,0.0,Kramer vs. Kramer  ,1,10,1,3,1,0,1,0,5,1,0,0,0,0,0,0
235,0,0,1,0,0,0,0,0,0,0,0,0,72.0,0.0,0.0,0.0,0.0,0.0,0.0,0.0,1.0,0.0,0.0,0.0,0.0,0.0,1.0,1.0,0.0,0.0,0.0,0.0,0.0,0.0,0.0,All That Jazz  ,0,11,0,2,1,0,1,0,5,1,0,0,0,0,1,0
236,0,0,0,0,0,0,0,0,1,0,0,0,94.0,0.0,0.0,0.0,0.0,0.0,0.0,0.0,1.0,0.0,0.0,0.0,0.0,0.0,0.0,0.0,1.0,0.0,0.0,0.0,0.0,1.0,0.0,Apocalypse Now  ,0,11,3,6,0,0,1,0,5,1,2,0,1,2,2,4
237,0,0,0,0,0,1,0,0,0,0,0,0,91.0,0.0,0.0,0.0,0.0,1.0,0.0,0.0,1.0,0.0,0.0,0.0,0.0,0.0,0.0,0.0,0.0,1.0,0.0,1.0,0.0,0.0,0.0,Breaking Away  ,0,6,1,1,0,0,1,0,2,1,0,0,0,0,1,0
238,0,0,0,0,0,0,0,1,0,0,0,0,61.0,0.0,0.0,0.0,0.0,0.0,0.0,0.0,1.0,0.0,0.0,0.0,0.0,0.0,0.0,0.0,0.0,0.0,0.0,0.0,0.0,0.0,0.0,Norma Rae  ,0,8,1,1,0,1,0,0,1,1,0,0,0,0,0,0
239,0,0,1,0,0,0,0,0,0,0,0,0,86.0,0.0,0.0,0.0,0.0,0.0,0.0,0.0,1.0,0.0,0.0,0.0,0.0,0.0,0.0,0.0,0.0,0.0,0.0,0.0,0.0,1.0,0.0,The Deer Hunter  ,1,14,0,2,1,0,1,0,5,1,0,0,0,0,2,0
240,0,0,0,0,0,0,0,1,0,0,0,0,,0.0,0.0,0.0,0.0,1.0,0.0,0.0,1.0,0.0,0.0,0.0,0.0,0.0,0.0,0.0,0.0,1.0,0.0,0.0,0.0,0.0,0.0,An Unmarried Woman  ,0,8,1,2,0,1,0,0,0,1,0,0,0,2,1,0
241,0,0,0,1,0,0,0,0,0,0,0,0,61.0,0.0,0.0,0.0,0.0,0.0,0.0,0.0,1.0,0.0,0.0,0.0,0.0,0.0,0.0,0.0,0.0,1.0,0.0,0.0,0.0,1.0,0.0,Coming Home  ,0,13,2,9,1,1,1,1,3,1,0,0,1,0,0,0
242,0,0,0,0,0,0,1,0,0,0,0,0,72.0,0.0,0.0,0.0,0.0,1.0,0.0,0.0,0.0,0.0,1.0,0.0,0.0,0.0,0.0,0.0,0.0,1.0,0.0,1.0,0.0,0.0,0.0,Heaven Can Wait  ,0,19,3,6,1,0,1,0,5,1,1,0,0,2,3,0
243,0,0,0,0,0,0,0,0,1,0,0,0,59.0,0.0,0.0,0.0,1.0,0.0,1.0,0.0,1.0,0.0,0.0,0.0,0.0,0.0,0.0,0.0,0.0,0.0,0.0,0.0,1.0,0.0,0.0,Midnight Express  ,0,1,0,1,0,0,1,0,3,1,0,0,0,0,0,0
244,0,0,0,0,0,0,0,1,0,0,0,0,92.0,0.0,0.0,0.0,0.0,1.0,0.0,0.0,0.0,0.0,0.0,0.0,0.0,0.0,0.0,0.0,0.0,1.0,0.0,0.0,0.0,0.0,0.0,Annie Hall  ,1,6,0,1,1,1,1,1,0,1,0,0,0,0,0,0
245,0,0,0,0,0,0,0,0,0,0,1,0,58.0,0.0,0.0,0.0,0.0,0.0,0.0,0.0,1.0,0.0,0.0,0.0,0.0,0.0,0.0,0.0,0.0,0.0,0.0,0.0,0.0,0.0,0.0,Julia  ,0,22,1,11,0,1,1,0,7,1,0,0,0,0,0,0
246,0,0,0,0,0,0,0,0,1,0,0,0,90.0,1.0,1.0,0.0,0.0,0.0,0.0,0.0,0.0,0.0,1.0,0.0,0.0,0.0,0.0,0.0,0.0,0.0,1.0,0.0,0.0,0.0,0.0,Star Wars  ,0,18,1,3,0,0,1,0,8,1,1,0,0,0,0,0
247,0,0,0,0,0,0,0,0,0,1,0,0,64.0,0.0,0.0,0.0,0.0,1.0,0.0,0.0,1.0,0.0,0.0,0.0,0.0,0.0,0.0,0.0,0.0,1.0,0.0,0.0,0.0,0.0,0.0,The Goodbye Girl  ,0,10,4,0,1,1,0,0,1,1,1,0,0,0,0,0
248,0,0,0,0,0,0,0,0,0,1,0,0,68.0,0.0,0.0,0.0,0.0,0.0,0.0,0.0,1.0,0.0,0.0,0.0,0.0,0.0,0.0,0.0,0.0,1.0,0.0,0.0,0.0,0.0,0.0,The Turning Point  ,0,27,0,6,0,2,1,0,6,1,0,0,0,0,2,0
249,0,0,0,0,0,0,0,0,0,1,0,0,70.0,0.0,0.0,0.0,0.0,0.0,0.0,0.0,1.0,0.0,0.0,0.0,0.0,0.0,0.0,0.0,0.0,0.0,0.0,1.0,0.0,0.0,0.0,Rocky  ,1,3,1,0,1,1,1,1,5,1,0,0,0,0,0,0
250,1,0,0,0,0,0,0,0,0,0,0,0,80.0,0.0,0.0,0.0,1.0,0.0,0.0,0.0,1.0,0.0,0.0,0.0,1.0,0.0,0.0,0.0,0.0,0.0,0.0,0.0,1.0,0.0,0.0,All the President's Men  ,0,14,2,2,0,0,1,0,5,1,0,0,0,0,0,0
251,0,0,1,0,0,0,0,0,0,0,0,0,70.0,0.0,0.0,0.0,1.0,0.0,0.0,0.0,1.0,0.0,0.0,0.0,0.0,0.0,1.0,0.0,0.0,0.0,0.0,0.0,0.0,0.0,0.0,Bound for Glory  ,0,10,1,6,0,0,0,0,4,1,0,0,0,0,0,0
252,0,0,0,0,0,0,0,0,0,1,0,0,83.0,0.0,0.0,0.0,0.0,0.0,0.0,0.0,1.0,0.0,0.0,0.0,0.0,0.0,0.0,0.0,0.0,0.0,0.0,0.0,0.0,0.0,0.0,Network  ,0,12,0,4,2,1,1,1,4,1,0,0,0,0,0,0
253,0,0,0,1,0,0,0,0,0,0,0,0,94.0,0.0,0.0,0.0,0.0,0.0,1.0,0.0,1.0,0.0,0.0,0.0,0.0,0.0,0.0,0.0,0.0,0.0,0.0,0.0,0.0,0.0,0.0,Taxi Driver  ,0,3,2,1,1,0,0,0,2,0,0,0,1,0,0,0
254,0,0,0,0,0,0,0,0,0,1,0,0,83.0,0.0,0.0,0.0,0.0,0.0,0.0,0.0,1.0,0.0,0.0,0.0,0.0,0.0,0.0,0.0,0.0,0.0,0.0,0.0,0.0,0.0,0.0,One Flew Over the Cuckoo's Nest  ,1,9,0,1,1,1,1,1,4,1,0,0,0,0,0,0
255,0,0,1,0,0,0,0,0,0,0,0,0,89.0,0.0,1.0,0.0,0.0,0.0,0.0,0.0,1.0,0.0,0.0,0.0,1.0,0.0,0.0,0.0,0.0,0.0,0.0,0.0,0.0,1.0,0.0,Barry Lyndon  ,0,4,0,2,0,0,1,0,4,1,2,0,0,6,2,1
256,0,0,0,0,0,0,0,0,0,0,0,1,86.0,0.0,0.0,0.0,1.0,0.0,1.0,0.0,1.0,0.0,0.0,0.0,0.0,0.0,0.0,0.0,0.0,0.0,0.0,0.0,1.0,0.0,0.0,Dog Day Afternoon  ,0,7,1,0,1,0,1,0,2,1,0,0,0,0,0,0
257,0,0,0,0,0,0,1,0,0,0,0,0,87.0,0.0,1.0,0.0,0.0,0.0,0.0,0.0,1.0,0.0,0.0,0.0,0.0,0.0,0.0,0.0,0.0,0.0,0.0,0.0,1.0,0.0,0.0,Jaws  ,0,4,1,2,0,0,0,0,3,0,0,0,0,0,0,0
258,0,0,0,0,0,0,1,0,0,0,0,0,96.0,0.0,0.0,0.0,0.0,1.0,0.0,0.0,1.0,0.0,0.0,0.0,0.0,0.0,1.0,0.0,0.0,0.0,0.0,0.0,0.0,0.0,0.0,Nashville  ,0,11,1,1,0,0,1,0,3,0,0,0,0,1,1,0
259,0,0,1,0,0,0,0,0,0,0,0,0,90.0,0.0,0.0,0.0,0.0,0.0,1.0,0.0,1.0,0.0,0.0,0.0,0.0,0.0,0.0,0.0,0.0,0.0,0.0,0.0,0.0,0.0,0.0,The Godfather: Part II  ,1,9,2,3,1,0,1,0,7,1,1,1,0,1,3,2
260,0,0,0,0,0,0,1,0,0,0,0,0,92.0,0.0,0.0,0.0,0.0,0.0,0.0,0.0,1.0,0.0,0.0,0.0,0.0,0.0,0.0,0.0,1.0,0.0,0.0,0.0,1.0,0.0,0.0,Chinatown  ,0,29,1,3,1,1,1,1,6,1,0,0,0,0,0,0
261,0,0,0,0,0,0,0,0,0,1,0,0,61.0,0.0,0.0,0.0,1.0,0.0,0.0,0.0,1.0,0.0,0.0,0.0,0.0,0.0,0.0,0.0,0.0,0.0,0.0,0.0,0.0,0.0,0.0,Lenny  ,0,2,0,1,1,1,1,1,1,1,0,0,0,1,0,0
262,1,0,0,0,0,0,0,0,0,0,0,0,85.0,0.0,0.0,0.0,0.0,0.0,0.0,0.0,1.0,0.0,0.0,0.0,0.0,0.0,0.0,0.0,1.0,0.0,0.0,0.0,1.0,0.0,0.0,The Conversation  ,0,5,2,3,0,0,0,0,1,1,1,1,0,1,3,2
263,0,0,1,0,0,0,0,0,0,0,0,0,69.0,1.0,0.0,0.0,0.0,0.0,0.0,0.0,1.0,0.0,0.0,0.0,0.0,0.0,0.0,0.0,0.0,0.0,0.0,0.0,1.0,0.0,0.0,Wolkenkrabber in Vlammen  ,0,27,1,8,0,0,0,0,7,0,0,0,0,0,0,1
264,0,0,1,0,0,0,0,0,0,0,0,0,83.0,0.0,0.0,0.0,0.0,1.0,1.0,0.0,1.0,0.0,0.0,0.0,0.0,0.0,0.0,0.0,0.0,0.0,0.0,0.0,0.0,0.0,0.0,The Sting  ,1,49,0,13,1,0,1,0,6,1,0,0,0,0,0,0
265,0,0,0,0,0,0,0,0,1,0,0,0,,0.0,0.0,0.0,0.0,1.0,0.0,0.0,0.0,0.0,0.0,0.0,0.0,0.0,0.0,0.0,0.0,1.0,0.0,0.0,0.0,0.0,0.0,A Touch of Class  ,0,7,0,3,0,1,0,0,2,1,0,0,0,3,1,0
266,0,1,0,0,0,0,0,0,0,0,0,0,97.0,0.0,0.0,0.0,0.0,1.0,0.0,0.0,1.0,0.0,0.0,0.0,0.0,0.0,0.0,0.0,0.0,0.0,0.0,0.0,0.0,0.0,0.0,American Graffiti  ,0,0,0,1,0,0,1,0,2,1,0,0,0,1,0,2
267,0,0,1,0,0,0,0,0,0,0,0,0,,0.0,0.0,0.0,0.0,0.0,0.0,0.0,1.0,0.0,0.0,0.0,0.0,0.0,0.0,0.0,0.0,0.0,0.0,0.0,0.0,0.0,0.0,Viskningar och rop  ,0,2,0,0,0,0,1,0,2,1,0,0,0,2,2,1
268,0,0,1,0,0,0,0,0,0,0,0,0,81.0,0.0,0.0,0.0,0.0,0.0,0.0,0.0,0.0,0.0,0.0,0.0,0.0,1.0,0.0,0.0,0.0,0.0,0.0,0.0,0.0,0.0,0.0,The Exorcist  ,0,8,0,3,0,1,1,0,6,1,0,0,0,0,1,0
269,0,0,0,0,0,0,0,1,0,0,0,0,100.0,0.0,0.0,0.0,0.0,0.0,1.0,0.0,1.0,0.0,0.0,0.0,0.0,0.0,0.0,0.0,0.0,0.0,0.0,0.0,0.0,0.0,0.0,The Godfather  ,1,13,2,4,1,0,1,0,7,1,0,0,0,0,0,0
270,0,0,0,1,0,0,0,0,0,0,0,0,80.0,0.0,0.0,0.0,0.0,0.0,0.0,0.0,1.0,0.0,0.0,0.0,0.0,0.0,0.0,1.0,0.0,0.0,0.0,0.0,0.0,0.0,0.0,Cabaret  ,0,4,1,1,0,1,1,0,6,1,0,0,0,5,0,0
271,0,0,0,0,0,1,0,0,0,0,0,0,82.0,0.0,1.0,0.0,0.0,0.0,0.0,0.0,1.0,0.0,0.0,0.0,0.0,0.0,0.0,0.0,0.0,0.0,0.0,0.0,1.0,0.0,0.0,Deliverance  ,0,1,0,0,0,0,1,0,1,0,0,0,0,0,1,0
272,0,0,0,0,0,0,0,0,0,0,0,1,80.0,0.0,0.0,0.0,0.0,0.0,0.0,0.0,1.0,1.0,0.0,0.0,0.0,0.0,0.0,0.0,0.0,0.0,0.0,0.0,0.0,0.0,0.0,Sounder  ,0,1,0,0,1,1,0,0,0,1,0,0,0,0,0,0
273,0,0,0,0,0,0,0,1,0,0,0,0,,0.0,0.0,0.0,0.0,0.0,0.0,0.0,1.0,0.0,0.0,0.0,1.0,0.0,0.0,0.0,0.0,0.0,0.0,0.0,0.0,0.0,0.0,Utvandrarna  ,0,0,0,0,0,1,1,0,1,1,0,0,0,0,1,0
274,0,0,0,0,0,0,0,0,0,0,1,0,94.0,1.0,0.0,0.0,0.0,0.0,1.0,0.0,1.0,0.0,0.0,0.0,0.0,0.0,0.0,0.0,0.0,0.0,0.0,0.0,1.0,0.0,0.0,The French Connection  ,1,2,0,0,1,0,1,0,4,1,0,0,0,0,0,0
275,0,0,1,0,0,0,0,0,0,0,0,0,80.0,0.0,0.0,0.0,0.0,0.0,1.0,0.0,1.0,0.0,0.0,0.0,0.0,0.0,0.0,0.0,0.0,0.0,1.0,0.0,0.0,0.0,0.0,A Clockwork Orange  ,0,1,0,2,0,0,1,0,1,1,1,0,0,4,2,1
276,0,0,0,0,0,0,0,0,0,0,1,0,67.0,0.0,0.0,0.0,0.0,0.0,0.0,0.0,1.0,1.0,0.0,0.0,0.0,0.0,0.0,1.0,0.0,1.0,0.0,0.0,0.0,0.0,0.0,Fiddler on the Roof  ,0,5,1,5,1,0,1,0,5,0,1,0,0,1,1,0
277,0,0,0,0,0,0,0,0,0,1,0,0,,0.0,0.0,0.0,1.0,0.0,0.0,0.0,1.0,0.0,0.0,0.0,1.0,0.0,0.0,0.0,0.0,0.0,0.0,0.0,0.0,1.0,0.0,Nicholas and Alexandra  ,0,12,0,11,0,1,0,0,4,0,0,0,3,0,0,1
278,0,0,0,0,0,0,0,0,0,0,1,0,93.0,0.0,0.0,0.0,0.0,0.0,0.0,0.0,1.0,0.0,0.0,0.0,0.0,0.0,0.0,0.0,0.0,1.0,0.0,0.0,0.0,0.0,0.0,The Last Picture Show  ,0,15,1,7,0,0,1,0,5,1,0,0,0,0,0,0
279,0,0,0,1,0,0,0,0,0,0,0,0,91.0,0.0,0.0,0.0,1.0,0.0,0.0,0.0,1.0,0.0,0.0,0.0,0.0,0.0,0.0,0.0,0.0,0.0,0.0,0.0,0.0,1.0,0.0,Patton  ,1,12,2,6,1,0,1,0,6,1,1,0,0,0,0,0
280,0,0,0,0,0,0,0,1,0,0,0,0,42.0,1.0,0.0,0.0,0.0,0.0,0.0,0.0,1.0,0.0,0.0,0.0,0.0,0.0,0.0,0.0,0.0,0.0,0.0,0.0,1.0,0.0,0.0,Airport  ,0,64,0,23,0,0,0,0,8,1,0,0,0,0,0,0
281,0,0,0,0,0,0,0,0,0,0,0,1,85.0,0.0,0.0,0.0,0.0,0.0,0.0,0.0,1.0,0.0,0.0,0.0,0.0,0.0,0.0,0.0,0.0,0.0,0.0,0.0,0.0,0.0,0.0,Five Easy Pieces  ,0,1,0,0,1,0,0,0,1,1,0,0,0,0,1,0
282,0,0,1,0,0,0,0,0,0,0,0,0,84.0,0.0,0.0,0.0,0.0,0.0,0.0,0.0,1.0,0.0,0.0,0.0,0.0,0.0,0.0,0.0,0.0,1.0,0.0,0.0,0.0,0.0,0.0,Love Story  ,0,2,0,1,1,1,1,1,2,1,0,0,0,0,0,0
283,0,0,0,0,1,0,0,0,0,0,0,0,80.0,0.0,0.0,0.0,0.0,1.0,0.0,0.0,1.0,0.0,0.0,0.0,0.0,0.0,0.0,0.0,0.0,0.0,0.0,0.0,0.0,1.0,0.0,MASH  ,0,22,2,9,0,0,1,0,2,1,0,0,0,0,0,0
284,0,0,0,0,0,0,0,0,1,0,0,0,79.0,0.0,0.0,0.0,0.0,0.0,0.0,0.0,1.0,0.0,0.0,0.0,0.0,0.0,0.0,0.0,0.0,0.0,0.0,0.0,0.0,0.0,1.0,Midnight Cowboy  ,1,2,0,0,2,0,1,0,2,1,0,0,0,0,0,0
285,0,0,1,0,0,0,0,0,0,0,0,0,,0.0,0.0,0.0,1.0,0.0,0.0,0.0,1.0,0.0,0.0,0.0,1.0,0.0,0.0,0.0,0.0,0.0,0.0,0.0,0.0,0.0,0.0,Anne of the Thousand Days  ,0,14,0,2,1,1,0,0,6,1,2,0,0,0,0,2
286,0,0,0,0,0,0,0,0,0,0,0,1,66.0,0.0,0.0,0.0,1.0,0.0,1.0,0.0,1.0,0.0,0.0,0.0,0.0,0.0,0.0,0.0,0.0,0.0,0.0,0.0,0.0,0.0,1.0,Butch Cassidy and the Sundance Kid  ,0,49,2,14,0,0,1,0,4,1,0,0,0,0,0,0
287,0,0,1,0,0,0,0,0,0,0,0,0,51.0,0.0,1.0,0.0,0.0,1.0,0.0,0.0,0.0,0.0,0.0,0.0,0.0,0.0,0.0,1.0,0.0,1.0,0.0,0.0,0.0,0.0,0.0,"Hello, Dolly!  ",0,56,0,22,0,0,0,0,6,0,1,0,0,4,0,0
288,0,0,0,1,0,0,0,0,0,0,0,0,,0.0,0.0,0.0,0.0,0.0,1.0,0.0,1.0,0.0,0.0,0.0,1.0,0.0,0.0,0.0,0.0,0.0,0.0,0.0,1.0,0.0,0.0,Z  ,0,1,0,0,0,0,1,0,2,1,0,0,0,0,0,0
289,0,0,0,0,0,0,0,0,0,0,0,1,74.0,0.0,0.0,0.0,0.0,0.0,0.0,0.0,1.0,1.0,0.0,0.0,0.0,0.0,0.0,1.0,0.0,0.0,0.0,0.0,0.0,0.0,0.0,Oliver!  ,1,8,0,6,1,0,1,0,8,1,1,0,0,0,0,0
290,0,0,0,0,0,0,0,0,0,0,0,1,89.0,0.0,0.0,0.0,1.0,1.0,0.0,0.0,1.0,0.0,0.0,0.0,0.0,0.0,0.0,1.0,0.0,1.0,0.0,0.0,0.0,0.0,0.0,Funny Girl  ,0,46,0,12,0,1,0,0,6,0,0,0,0,0,0,0
291,0,1,0,0,0,0,0,0,0,0,0,0,,0.0,0.0,0.0,0.0,0.0,0.0,0.0,1.0,0.0,0.0,0.0,0.0,0.0,0.0,0.0,0.0,1.0,0.0,0.0,0.0,0.0,0.0,"Rachel, Rachel  ",0,2,0,2,0,1,0,0,1,1,0,0,0,4,0,0
292,0,0,0,0,0,0,0,1,0,0,0,0,,0.0,0.0,0.0,0.0,0.0,0.0,0.0,1.0,0.0,0.0,0.0,0.0,0.0,0.0,0.0,0.0,1.0,0.0,0.0,0.0,0.0,0.0,Romeo and Juliet  ,0,12,0,2,0,0,1,0,2,0,0,0,0,2,0,0
293,0,0,0,0,0,0,0,0,0,0,1,0,,0.0,0.0,0.0,1.0,0.0,0.0,0.0,1.0,0.0,0.0,0.0,1.0,0.0,0.0,0.0,0.0,0.0,0.0,0.0,0.0,0.0,0.0,The Lion in Winter  ,0,12,0,3,1,1,1,1,2,1,0,0,0,0,0,0
294,0,1,0,0,0,0,0,0,0,0,0,0,75.0,0.0,0.0,0.0,0.0,0.0,1.0,0.0,1.0,0.0,0.0,0.0,0.0,0.0,0.0,0.0,1.0,0.0,0.0,0.0,1.0,0.0,0.0,In the Heat of the Night  ,1,15,1,7,1,0,1,0,3,1,0,0,0,0,0,0
295,0,1,0,0,0,0,0,0,0,0,0,0,86.0,1.0,0.0,0.0,1.0,0.0,1.0,0.0,1.0,0.0,0.0,0.0,0.0,0.0,0.0,0.0,0.0,0.0,0.0,0.0,0.0,0.0,0.0,Bonnie and Clyde  ,0,5,0,2,1,1,1,1,5,1,0,0,0,0,1,0
296,0,0,1,0,0,0,0,0,0,0,0,0,34.0,0.0,1.0,0.0,0.0,1.0,0.0,0.0,0.0,1.0,1.0,0.0,0.0,0.0,0.0,1.0,0.0,1.0,0.0,0.0,0.0,0.0,0.0,Doctor Dolittle  ,0,29,1,13,0,0,0,0,8,0,0,0,0,0,0,0
297,0,0,1,0,0,0,0,0,0,0,0,0,63.0,0.0,0.0,0.0,0.0,1.0,0.0,0.0,1.0,0.0,0.0,0.0,0.0,0.0,0.0,0.0,0.0,0.0,0.0,0.0,0.0,0.0,0.0,Guess Who's Coming to Dinner  ,0,44,1,8,1,1,1,1,5,1,5,0,0,2,1,1
298,0,0,1,0,0,0,0,0,0,0,0,0,83.0,0.0,0.0,0.0,0.0,1.0,0.0,0.0,1.0,0.0,0.0,0.0,0.0,0.0,0.0,0.0,0.0,1.0,0.0,0.0,0.0,0.0,0.0,The Graduate  ,0,8,1,5,1,1,1,1,2,1,0,0,0,0,0,0
299,0,0,1,0,0,0,0,0,0,0,0,0,72.0,0.0,0.0,0.0,1.0,0.0,0.0,0.0,1.0,0.0,0.0,0.0,1.0,0.0,0.0,0.0,0.0,0.0,0.0,0.0,0.0,0.0,0.0,A Man for All Seasons  ,1,9,1,6,1,0,1,0,4,1,1,0,0,4,1,2
300,0,0,0,0,0,0,0,1,0,0,0,0,,0.0,0.0,0.0,0.0,1.0,0.0,0.0,1.0,0.0,0.0,0.0,0.0,0.0,0.0,0.0,0.0,0.0,0.0,0.0,0.0,0.0,0.0,Alfie  ,0,1,0,2,1,0,0,0,2,1,0,0,0,0,0,0
301,0,0,0,0,0,0,0,0,1,0,0,0,,0.0,0.0,0.0,0.0,1.0,0.0,0.0,0.0,0.0,0.0,0.0,0.0,0.0,0.0,0.0,0.0,0.0,0.0,0.0,0.0,1.0,0.0,The Russians Are Coming the Russians Are Coming  ,0,12,0,1,1,0,0,0,1,1,0,0,0,0,0,0
302,0,0,1,0,0,0,0,0,0,0,0,0,,0.0,1.0,0.0,0.0,0.0,0.0,0.0,1.0,0.0,0.0,0.0,0.0,0.0,0.0,0.0,0.0,1.0,0.0,0.0,0.0,1.0,0.0,The Sand Pebbles  ,0,26,1,8,1,0,0,0,6,0,0,0,2,2,1,2
303,0,0,0,0,0,0,1,0,0,0,0,0,75.0,0.0,0.0,0.0,0.0,0.0,0.0,0.0,1.0,0.0,0.0,0.0,0.0,0.0,0.0,0.0,0.0,0.0,0.0,0.0,0.0,0.0,0.0,Who's Afraid of Virginia Woolf?  ,0,31,0,9,1,1,1,1,8,1,0,0,0,3,1,0
304,0,0,0,0,0,0,0,1,0,0,0,0,63.0,0.0,0.0,0.0,1.0,0.0,0.0,0.0,1.0,1.0,0.0,0.0,0.0,0.0,0.0,1.0,0.0,1.0,0.0,0.0,0.0,0.0,0.0,The Sound of Music  ,1,32,1,14,0,1,1,0,7,0,0,0,1,2,1,1
305,0,0,1,0,0,0,0,0,0,0,0,0,,0.0,0.0,0.0,0.0,1.0,0.0,0.0,1.0,0.0,0.0,0.0,0.0,0.0,0.0,0.0,0.0,1.0,0.0,0.0,0.0,0.0,0.0,A Thousand Clowns  ,0,1,0,1,0,0,0,0,2,1,0,0,0,0,0,0
306,0,0,0,0,0,1,0,0,0,0,0,0,,0.0,0.0,0.0,0.0,0.0,0.0,0.0,1.0,0.0,0.0,0.0,0.0,0.0,0.0,0.0,0.0,1.0,0.0,0.0,0.0,0.0,0.0,Darling  ,0,1,0,0,0,1,1,0,1,1,0,0,0,0,0,0
307,0,0,1,0,0,0,0,0,0,0,0,0,69.0,0.0,0.0,0.0,0.0,0.0,0.0,0.0,1.0,0.0,0.0,0.0,0.0,0.0,0.0,0.0,0.0,1.0,0.0,0.0,0.0,1.0,0.0,Doctor Zhivago  ,0,17,3,7,0,0,1,0,7,1,0,0,0,0,0,1
308,0,0,0,0,0,1,0,0,0,0,0,0,,0.0,0.0,0.0,0.0,0.0,0.0,0.0,1.0,0.0,0.0,0.0,0.0,0.0,0.0,0.0,0.0,1.0,0.0,0.0,0.0,1.0,0.0,Ship of Fools  ,0,35,4,10,1,1,0,0,4,1,4,0,0,2,0,1
309,0,0,0,0,0,0,0,0,0,0,1,0,95.0,0.0,0.0,0.0,0.0,0.0,0.0,0.0,1.0,1.0,0.0,0.0,0.0,0.0,0.0,1.0,0.0,1.0,0.0,0.0,0.0,0.0,0.0,My Fair Lady  ,1,39,0,9,1,0,1,0,8,1,1,0,0,0,0,1
310,0,0,0,0,0,0,0,1,0,0,0,0,68.0,0.0,0.0,0.0,1.0,0.0,0.0,0.0,1.0,0.0,0.0,0.0,1.0,0.0,0.0,0.0,0.0,0.0,0.0,0.0,0.0,0.0,0.0,Becket  ,0,9,0,4,2,0,1,0,7,1,1,0,0,0,0,2
311,0,0,0,0,1,0,0,0,0,0,0,0,97.0,0.0,0.0,0.0,0.0,1.0,0.0,0.0,0.0,0.0,0.0,0.0,0.0,0.0,0.0,0.0,0.0,0.0,0.0,0.0,0.0,0.0,0.0,Dr. Strangelove or: How I Learned to Stop Worrying and Love the Bomb  ,0,5,1,1,1,0,1,0,0,1,0,0,0,0,2,0
312,0,1,0,0,0,0,0,0,0,0,0,0,88.0,0.0,0.0,0.0,0.0,1.0,0.0,0.0,0.0,1.0,1.0,0.0,0.0,0.0,0.0,1.0,0.0,0.0,0.0,0.0,0.0,0.0,0.0,Mary Poppins  ,0,25,0,4,0,1,1,0,9,1,0,0,0,36,1,25
313,0,0,1,0,0,0,0,0,0,0,0,0,,0.0,0.0,0.0,0.0,1.0,0.0,0.0,1.0,0.0,0.0,0.0,0.0,0.0,0.0,0.0,0.0,0.0,0.0,0.0,0.0,0.0,0.0,Alexis Zorbas  ,0,1,0,2,1,0,1,0,3,1,0,0,0,0,2,0
314,0,0,0,0,0,0,1,0,0,0,0,0,77.0,0.0,1.0,0.0,0.0,1.0,0.0,0.0,0.0,0.0,0.0,0.0,1.0,0.0,0.0,0.0,0.0,0.0,0.0,0.0,0.0,0.0,0.0,Tom Jones  ,1,0,0,1,1,0,1,0,6,1,0,0,0,0,1,0
315,0,0,1,0,0,0,0,0,0,0,0,0,,0.0,0.0,0.0,0.0,0.0,0.0,0.0,1.0,0.0,0.0,0.0,0.0,0.0,0.0,0.0,0.0,0.0,0.0,0.0,0.0,0.0,0.0,America America  ,0,0,1,1,0,0,1,0,1,1,0,0,0,2,2,2
316,0,0,0,0,0,0,1,0,0,0,0,0,60.0,0.0,0.0,0.0,1.0,0.0,0.0,0.0,1.0,0.0,0.0,0.0,1.0,0.0,0.0,0.0,0.0,1.0,0.0,0.0,0.0,0.0,0.0,Cleopatra  ,0,78,1,26,1,0,0,0,7,0,0,0,0,1,0,2
317,0,0,0,0,0,0,0,0,0,1,0,0,56.0,0.0,0.0,0.0,0.0,0.0,0.0,0.0,0.0,0.0,0.0,0.0,0.0,0.0,0.0,0.0,0.0,0.0,0.0,0.0,0.0,0.0,1.0,How the West Was Won  ,0,95,3,25,0,0,0,0,6,1,1,0,0,0,0,0
318,0,0,0,0,0,1,0,0,0,0,0,0,,0.0,0.0,0.0,0.0,0.0,0.0,0.0,1.0,0.0,0.0,0.0,0.0,0.0,0.0,0.0,0.0,0.0,0.0,0.0,0.0,0.0,0.0,Lilies of the Field  ,0,7,0,2,1,0,0,0,2,1,0,0,0,0,0,0
319,0,0,1,0,0,0,0,0,0,0,0,0,100.0,0.0,1.0,0.0,1.0,0.0,0.0,0.0,1.0,0.0,0.0,0.0,1.0,0.0,0.0,0.0,0.0,0.0,0.0,0.0,0.0,1.0,0.0,Lawrence of Arabia  ,1,24,0,7,1,0,1,0,6,1,0,0,2,0,0,0
320,0,0,0,0,0,0,0,0,0,1,0,0,48.0,0.0,1.0,0.0,0.0,0.0,0.0,0.0,1.0,0.0,0.0,0.0,1.0,0.0,0.0,0.0,0.0,1.0,0.0,0.0,0.0,0.0,0.0,Mutiny on the Bounty  ,0,57,2,25,0,0,0,0,6,0,0,0,0,0,0,0
321,0,0,0,0,0,0,0,0,0,0,0,1,75.0,1.0,0.0,0.0,0.0,0.0,0.0,0.0,1.0,0.0,0.0,0.0,1.0,0.0,0.0,0.0,0.0,0.0,0.0,0.0,0.0,1.0,0.0,The Longest Day  ,0,27,3,7,0,0,0,0,4,0,0,0,1,2,0,3
322,0,0,0,0,0,0,1,0,0,0,0,0,,0.0,0.0,0.0,0.0,1.0,0.0,0.0,0.0,1.0,0.0,0.0,0.0,0.0,0.0,1.0,0.0,1.0,0.0,0.0,0.0,0.0,0.0,The Music Man  ,0,18,1,8,0,0,0,0,5,0,0,0,0,0,0,0
323,0,0,1,0,0,0,0,0,0,0,0,0,88.0,0.0,0.0,0.0,0.0,0.0,1.0,0.0,1.0,0.0,0.0,0.0,0.0,0.0,0.0,0.0,0.0,0.0,0.0,0.0,0.0,0.0,0.0,To Kill a Mockingbird  ,0,13,3,2,1,0,1,0,4,1,0,0,0,0,0,0
324,0,0,0,0,0,0,0,0,0,0,1,0,86.0,0.0,0.0,0.0,0.0,0.0,1.0,0.0,1.0,0.0,0.0,0.0,0.0,0.0,0.0,1.0,0.0,1.0,0.0,0.0,0.0,0.0,0.0,West Side Story  ,1,28,4,7,0,0,1,0,8,1,0,0,0,2,1,0
325,0,0,0,0,0,0,1,0,0,0,0,0,,0.0,0.0,0.0,0.0,0.0,0.0,0.0,1.0,0.0,0.0,0.0,0.0,0.0,0.0,0.0,0.0,1.0,0.0,0.0,0.0,0.0,0.0,Fanny  ,0,9,0,2,1,0,0,0,3,0,0,0,0,2,0,0
326,0,0,1,0,0,0,0,0,0,0,0,0,60.0,0.0,0.0,0.0,0.0,0.0,0.0,0.0,1.0,0.0,0.0,0.0,0.0,0.0,0.0,0.0,0.0,0.0,0.0,0.0,0.0,1.0,0.0,Judgment at Nuremberg  ,0,29,1,5,2,0,1,0,6,1,3,0,0,1,2,0
327,1,0,0,0,0,0,0,0,0,0,0,0,,1.0,1.0,0.0,0.0,0.0,0.0,0.0,1.0,0.0,0.0,0.0,0.0,0.0,0.0,0.0,0.0,0.0,0.0,0.0,0.0,1.0,0.0,The Guns of Navarone  ,0,7,0,3,0,0,1,0,4,1,0,0,0,3,1,1
328,0,0,0,0,0,0,0,0,0,0,0,1,90.0,0.0,0.0,0.0,0.0,0.0,0.0,0.0,1.0,0.0,0.0,0.0,0.0,0.0,0.0,0.0,0.0,0.0,0.0,1.0,0.0,0.0,0.0,The Hustler  ,0,2,0,1,1,1,1,1,4,1,0,0,0,2,2,0
329,0,0,0,0,0,0,1,0,0,0,0,0,94.0,0.0,0.0,0.0,0.0,1.0,0.0,0.0,1.0,0.0,0.0,0.0,0.0,0.0,0.0,0.0,0.0,1.0,0.0,0.0,0.0,0.0,0.0,The Apartment  ,1,23,1,5,1,1,1,1,5,1,0,0,0,14,2,3
330,0,0,0,0,0,0,1,0,0,0,0,0,,0.0,0.0,0.0,0.0,0.0,0.0,0.0,1.0,0.0,0.0,0.0,0.0,0.0,0.0,0.0,0.0,0.0,0.0,0.0,0.0,0.0,0.0,Elmer Gantry  ,0,16,1,5,1,0,0,0,2,1,0,0,0,0,0,0
331,0,0,0,0,0,0,0,0,1,0,0,0,,0.0,0.0,0.0,0.0,0.0,0.0,0.0,1.0,0.0,0.0,0.0,0.0,0.0,0.0,0.0,0.0,0.0,0.0,0.0,0.0,0.0,0.0,Sons and Lovers  ,0,4,0,3,1,0,1,0,3,1,1,0,0,0,0,1
332,0,0,0,0,0,0,0,0,0,0,1,0,,0.0,1.0,0.0,0.0,0.0,0.0,0.0,1.0,0.0,0.0,0.0,1.0,0.0,0.0,0.0,0.0,0.0,0.0,0.0,0.0,1.0,1.0,The Alamo  ,0,15,1,7,0,0,0,0,6,0,0,0,0,1,0,0
333,0,0,1,0,0,0,0,0,0,0,0,0,82.0,0.0,1.0,0.0,0.0,0.0,0.0,0.0,1.0,0.0,0.0,0.0,0.0,0.0,0.0,0.0,0.0,0.0,0.0,0.0,0.0,0.0,0.0,The Sundowners  ,0,10,1,2,0,1,1,0,1,1,0,0,0,3,1,2
334,0,0,0,0,0,0,0,0,0,1,0,0,90.0,0.0,1.0,0.0,0.0,0.0,0.0,0.0,1.0,0.0,0.0,0.0,1.0,0.0,0.0,0.0,0.0,0.0,0.0,0.0,0.0,0.0,0.0,Ben-Hur  ,1,42,1,10,1,0,1,0,8,1,2,0,0,0,0,0
335,0,0,0,0,0,1,0,0,0,0,0,0,95.0,0.0,0.0,0.0,0.0,0.0,1.0,0.0,1.0,0.0,0.0,0.0,0.0,0.0,0.0,0.0,1.0,0.0,0.0,0.0,1.0,0.0,0.0,Anatomy of a Murder  ,0,14,0,2,1,0,0,0,4,1,0,0,0,1,0,0
336,0,0,0,0,1,0,0,0,0,0,0,0,84.0,0.0,0.0,0.0,0.0,0.0,0.0,0.0,1.0,0.0,0.0,0.0,0.0,0.0,0.0,0.0,0.0,1.0,0.0,0.0,0.0,0.0,0.0,Room at the Top  ,0,1,0,0,1,1,1,1,1,1,0,0,0,0,0,0
337,0,0,0,0,0,0,0,1,0,0,0,0,59.0,0.0,0.0,0.0,1.0,0.0,0.0,0.0,1.0,1.0,0.0,0.0,1.0,0.0,0.0,0.0,0.0,0.0,0.0,0.0,0.0,1.0,0.0,The Diary of Anne Frank  ,0,51,2,11,0,0,1,0,6,0,3,0,0,2,1,3
338,0,0,0,0,0,0,1,0,0,0,0,0,,0.0,0.0,0.0,0.0,0.0,0.0,0.0,1.0,0.0,0.0,0.0,0.0,0.0,0.0,0.0,0.0,0.0,0.0,0.0,0.0,0.0,0.0,The Nun's Story  ,0,12,0,5,0,1,1,0,4,1,0,0,0,0,0,0
339,0,0,0,0,0,0,0,0,1,0,0,0,82.0,0.0,0.0,0.0,0.0,1.0,0.0,0.0,0.0,0.0,0.0,0.0,0.0,0.0,0.0,1.0,0.0,1.0,0.0,0.0,0.0,0.0,0.0,Gigi  ,1,29,0,7,0,0,1,0,6,1,0,0,1,0,0,1
340,0,0,1,0,0,0,0,0,0,0,0,0,,0.0,0.0,0.0,0.0,1.0,0.0,0.0,1.0,0.0,0.0,0.0,0.0,0.0,0.0,0.0,0.0,1.0,0.0,0.0,0.0,0.0,0.0,Auntie Mame  ,0,15,0,4,0,1,0,0,4,0,0,0,0,0,1,0
341,0,1,0,0,0,0,0,0,0,0,0,0,80.0,0.0,0.0,0.0,0.0,0.0,0.0,0.0,1.0,0.0,0.0,0.0,0.0,0.0,0.0,0.0,0.0,0.0,0.0,0.0,0.0,0.0,0.0,Cat on a Hot Tin Roof  ,0,26,2,7,1,1,1,1,1,1,0,0,0,0,0,0
342,0,0,1,0,0,0,0,0,0,0,0,0,,0.0,0.0,0.0,0.0,0.0,0.0,0.0,1.0,0.0,0.0,0.0,0.0,0.0,0.0,0.0,0.0,1.0,0.0,0.0,0.0,0.0,0.0,Separate Tables  ,0,33,1,9,1,1,0,0,3,1,0,0,1,0,0,0
343,0,1,0,0,0,0,0,0,0,0,0,0,69.0,0.0,0.0,0.0,0.0,0.0,1.0,0.0,1.0,0.0,0.0,0.0,0.0,0.0,0.0,0.0,0.0,0.0,0.0,0.0,0.0,0.0,0.0,The Defiant Ones  ,0,6,0,1,2,0,1,0,4,1,2,0,0,0,1,0
344,0,0,0,0,0,0,0,0,0,0,1,0,87.0,0.0,1.0,0.0,0.0,0.0,0.0,0.0,1.0,0.0,0.0,0.0,0.0,0.0,0.0,0.0,0.0,0.0,0.0,0.0,0.0,1.0,0.0,The Bridge on the River Kwai  ,1,12,0,2,1,0,1,0,4,1,0,0,1,0,0,0
345,1,0,0,0,0,0,0,0,0,0,0,0,96.0,0.0,0.0,0.0,0.0,0.0,0.0,0.0,1.0,0.0,0.0,0.0,0.0,0.0,0.0,0.0,0.0,0.0,0.0,0.0,0.0,0.0,0.0,12 Angry Men  ,0,2,0,1,0,0,1,0,0,1,0,0,0,1,1,0
346,0,0,1,0,0,0,0,0,0,0,0,0,,0.0,0.0,0.0,0.0,0.0,0.0,0.0,1.0,0.0,0.0,0.0,0.0,0.0,0.0,0.0,0.0,1.0,0.0,0.0,0.0,0.0,0.0,Peyton Place  ,0,42,1,8,0,1,1,0,5,1,0,0,0,0,0,1
347,0,0,1,0,0,0,0,0,0,0,0,0,,0.0,0.0,0.0,0.0,0.0,0.0,0.0,1.0,0.0,0.0,0.0,0.0,0.0,0.0,0.0,0.0,1.0,0.0,0.0,0.0,0.0,0.0,Sayonara  ,0,18,0,2,1,0,1,0,6,1,0,0,0,0,0,0
348,0,0,1,0,0,0,0,0,0,0,0,0,,0.0,0.0,0.0,0.0,0.0,1.0,0.0,1.0,0.0,0.0,1.0,0.0,0.0,0.0,0.0,1.0,0.0,0.0,0.0,1.0,0.0,0.0,Witness for the Prosecution  ,0,35,1,13,1,0,1,0,3,0,0,0,0,0,0,0
349,0,0,0,0,0,0,0,0,0,0,1,0,,0.0,1.0,0.0,0.0,1.0,0.0,0.0,0.0,1.0,0.0,0.0,0.0,0.0,0.0,0.0,0.0,1.0,0.0,0.0,0.0,0.0,0.0,Around the World in 80 Days  ,1,34,0,15,0,0,1,0,5,1,0,0,0,0,0,0
350,0,0,0,0,0,0,0,0,0,0,1,0,,0.0,0.0,0.0,0.0,0.0,0.0,0.0,1.0,0.0,0.0,0.0,0.0,0.0,0.0,0.0,0.0,1.0,0.0,0.0,0.0,1.0,1.0,Friendly Persuasion  ,0,24,1,8,0,0,1,0,3,1,1,0,0,7,1,2
351,0,0,0,0,0,0,0,0,0,0,1,0,84.0,0.0,0.0,0.0,0.0,0.0,0.0,0.0,1.0,0.0,0.0,0.0,0.0,0.0,0.0,0.0,0.0,0.0,0.0,0.0,0.0,0.0,1.0,Giant  ,0,12,1,4,2,0,1,0,5,1,2,0,0,2,1,2
352,0,0,0,0,0,0,1,0,0,0,0,0,72.0,0.0,0.0,0.0,1.0,0.0,0.0,0.0,1.0,0.0,0.0,0.0,0.0,0.0,0.0,1.0,0.0,1.0,0.0,0.0,0.0,0.0,0.0,The King and I  ,0,50,2,11,1,1,1,0,5,0,1,0,0,4,0,3
353,0,0,0,0,0,0,0,0,0,0,1,0,,0.0,1.0,0.0,0.0,0.0,0.0,0.0,1.0,0.0,0.0,0.0,0.0,0.0,0.0,0.0,0.0,0.0,0.0,0.0,0.0,0.0,0.0,The Ten Commandments  ,0,57,3,19,0,0,0,0,6,0,0,0,1,1,0,2
354,1,0,0,0,0,0,0,0,0,0,0,0,,0.0,0.0,0.0,0.0,0.0,0.0,0.0,1.0,0.0,0.0,0.0,0.0,0.0,0.0,0.0,0.0,1.0,0.0,0.0,0.0,0.0,0.0,Marty  ,1,7,1,2,1,0,1,0,4,1,0,0,0,0,0,0
355,0,1,0,0,0,0,0,0,0,0,0,0,,0.0,0.0,0.0,1.0,0.0,0.0,0.0,1.0,0.0,0.0,0.0,0.0,0.0,0.0,0.0,0.0,1.0,0.0,0.0,0.0,1.0,0.0,Love Is a Many-Splendored Thing  ,0,51,2,10,0,1,0,0,6,0,0,0,1,0,0,0
356,0,0,0,0,0,1,0,0,0,0,0,0,,0.0,0.0,0.0,0.0,1.0,0.0,0.0,1.0,0.0,0.0,0.0,0.0,0.0,0.0,0.0,0.0,0.0,0.0,0.0,0.0,1.0,0.0,Mister Roberts  ,0,10,2,9,0,0,0,0,2,0,0,0,0,0,0,0
357,0,0,0,1,0,0,0,0,0,0,0,0,,0.0,0.0,0.0,0.0,0.0,0.0,0.0,1.0,0.0,0.0,0.0,0.0,0.0,0.0,0.0,0.0,1.0,0.0,0.0,0.0,0.0,0.0,Picnic  ,0,30,3,6,0,0,1,0,4,0,0,0,0,0,0,0
358,0,0,1,0,0,0,0,0,0,0,0,0,,0.0,0.0,0.0,0.0,1.0,0.0,0.0,1.0,0.0,0.0,0.0,0.0,0.0,0.0,0.0,0.0,1.0,0.0,0.0,0.0,0.0,0.0,The Rose Tattoo  ,0,37,3,14,0,1,0,0,6,0,0,0,0,0,0,2
359,0,0,0,0,0,0,1,0,0,0,0,0,91.0,0.0,0.0,0.0,0.0,0.0,1.0,0.0,1.0,0.0,0.0,0.0,0.0,0.0,0.0,0.0,0.0,0.0,0.0,0.0,1.0,0.0,0.0,On the Waterfront  ,1,17,0,9,1,0,1,0,8,1,0,0,0,0,0,0
360,0,0,0,0,0,1,0,0,0,0,0,0,75.0,0.0,0.0,0.0,0.0,1.0,0.0,0.0,1.0,0.0,0.0,0.0,0.0,0.0,0.0,1.0,0.0,1.0,0.0,0.0,0.0,0.0,1.0,Seven Brides for Seven Brothers  ,0,58,3,19,0,0,0,0,3,1,0,0,0,0,0,0
361,0,0,0,0,0,0,1,0,0,0,0,0,63.0,0.0,0.0,0.0,0.0,0.0,0.0,0.0,1.0,0.0,0.0,0.0,0.0,0.0,0.0,0.0,0.0,0.0,0.0,0.0,0.0,1.0,0.0,The Caine Mutiny  ,0,18,2,4,1,0,0,0,4,1,1,0,0,0,0,0
362,0,0,1,0,0,0,0,0,0,0,0,0,,0.0,0.0,0.0,0.0,0.0,0.0,0.0,1.0,0.0,0.0,0.0,0.0,0.0,1.0,0.0,0.0,0.0,0.0,0.0,0.0,0.0,0.0,The Country Girl  ,0,24,3,12,1,1,1,1,2,1,0,0,0,0,0,0
363,0,0,0,0,0,0,0,0,1,0,0,0,,0.0,0.0,0.0,0.0,0.0,0.0,0.0,1.0,0.0,0.0,0.0,0.0,0.0,0.0,0.0,0.0,1.0,0.0,0.0,0.0,0.0,0.0,Three Coins in the Fountain  ,0,38,3,10,0,0,0,0,2,0,0,0,0,0,0,0
364,0,1,0,0,0,0,0,0,0,0,0,0,85.0,0.0,0.0,0.0,0.0,0.0,0.0,0.0,1.0,0.0,0.0,0.0,0.0,0.0,0.0,0.0,0.0,1.0,0.0,0.0,0.0,1.0,0.0,From Here to Eternity  ,1,21,0,5,2,1,1,1,7,1,0,0,0,0,0,0
365,0,0,0,0,0,0,0,0,1,0,0,0,,0.0,0.0,0.0,1.0,0.0,0.0,0.0,1.0,0.0,0.0,0.0,1.0,0.0,0.0,0.0,0.0,0.0,0.0,0.0,0.0,0.0,0.0,Julius Caesar  ,0,53,5,23,1,0,0,0,3,0,0,0,0,0,0,0
366,0,1,0,0,0,0,0,0,0,0,0,0,78.0,0.0,0.0,0.0,0.0,1.0,0.0,0.0,0.0,0.0,0.0,0.0,0.0,0.0,0.0,0.0,0.0,1.0,0.0,0.0,0.0,0.0,0.0,Roman Holiday  ,0,14,0,5,0,1,1,0,5,2,0,0,0,6,1,2
367,1,0,0,0,0,0,0,0,0,0,0,0,80.0,0.0,0.0,0.0,0.0,0.0,0.0,0.0,1.0,0.0,0.0,0.0,0.0,0.0,0.0,0.0,0.0,0.0,0.0,0.0,0.0,0.0,1.0,Shane  ,0,17,2,11,0,0,1,0,3,1,1,0,0,1,2,1
368,0,0,0,0,0,0,0,0,0,0,0,1,,0.0,0.0,0.0,0.0,0.0,0.0,0.0,1.0,0.0,0.0,0.0,1.0,0.0,0.0,0.0,0.0,0.0,0.0,0.0,0.0,0.0,0.0,The Robe  ,0,43,4,10,1,0,0,0,3,0,0,0,0,2,0,1
369,0,0,0,0,1,0,0,0,0,0,0,0,,0.0,0.0,0.0,0.0,0.0,0.0,0.0,1.0,1.0,0.0,0.0,0.0,0.0,0.0,0.0,0.0,1.0,0.0,0.0,0.0,0.0,0.0,The Greatest Show on Earth  ,1,32,4,16,0,0,1,0,2,1,0,0,0,0,2,1
370,0,0,0,0,0,0,0,0,1,0,0,0,89.0,0.0,0.0,0.0,0.0,0.0,0.0,0.0,1.0,0.0,0.0,0.0,0.0,0.0,0.0,0.0,0.0,0.0,0.0,0.0,1.0,0.0,1.0,High Noon  ,0,10,0,6,1,0,1,0,3,1,0,0,0,0,0,0
371,0,0,0,0,0,0,1,0,0,0,0,0,,0.0,1.0,0.0,0.0,0.0,0.0,0.0,1.0,0.0,0.0,0.0,1.0,0.0,0.0,0.0,0.0,1.0,0.0,0.0,0.0,0.0,0.0,Ivanhoe  ,0,3,0,6,0,0,0,0,2,0,1,0,0,0,0,0
372,0,0,1,0,0,0,0,0,0,0,0,0,,0.0,0.0,0.0,1.0,0.0,0.0,0.0,1.0,0.0,0.0,0.0,0.0,0.0,1.0,0.0,0.0,1.0,0.0,0.0,0.0,0.0,0.0,Moulin Rouge  ,0,4,0,3,1,0,1,0,4,0,0,0,0,7,1,2
373,0,0,0,0,0,0,1,0,0,0,0,0,,0.0,0.0,0.0,0.0,1.0,0.0,0.0,1.0,0.0,0.0,0.0,0.0,0.0,0.0,0.0,0.0,1.0,0.0,0.0,0.0,0.0,0.0,The Quiet Man  ,0,10,0,4,0,0,1,0,4,1,0,0,0,1,2,3
374,0,1,0,0,0,0,0,0,0,0,0,0,84.0,0.0,0.0,0.0,0.0,0.0,0.0,0.0,1.0,0.0,0.0,0.0,0.0,0.0,0.0,1.0,0.0,1.0,0.0,0.0,0.0,0.0,0.0,An American in Paris  ,1,34,4,13,0,0,1,0,5,1,0,0,0,0,1,0
375,1,0,0,0,0,0,0,0,0,0,0,0,76.0,0.0,0.0,0.0,0.0,0.0,0.0,0.0,1.0,0.0,0.0,0.0,0.0,0.0,0.0,0.0,0.0,1.0,0.0,0.0,0.0,0.0,0.0,A Place in the Sun  ,0,35,0,11,1,1,1,1,4,1,0,0,0,1,1,0
376,0,0,0,0,0,0,0,0,0,0,0,1,96.0,0.0,0.0,0.0,0.0,0.0,0.0,0.0,1.0,0.0,0.0,0.0,0.0,0.0,0.0,0.0,0.0,0.0,0.0,0.0,0.0,0.0,0.0,A Streetcar Named Desire  ,0,38,0,9,1,1,1,1,7,1,0,0,0,0,0,0
377,0,0,1,0,0,0,0,0,0,0,0,0,,0.0,0.0,0.0,0.0,0.0,0.0,0.0,1.0,0.0,0.0,0.0,0.0,0.0,0.0,0.0,0.0,0.0,0.0,0.0,0.0,1.0,0.0,Decision Before Dawn  ,0,3,1,0,0,0,0,0,1,0,0,0,0,1,0,0
378,0,0,0,0,0,0,0,0,0,1,0,0,,0.0,0.0,0.0,1.0,0.0,0.0,0.0,1.0,0.0,0.0,0.0,1.0,0.0,0.0,0.0,0.0,1.0,0.0,0.0,0.0,0.0,0.0,Quo Vadis  ,0,49,3,18,0,0,0,0,7,0,1,0,0,0,0,0
379,0,0,0,0,0,0,0,0,0,0,1,0,98.0,0.0,0.0,0.0,0.0,0.0,0.0,0.0,1.0,0.0,0.0,0.0,0.0,0.0,0.0,0.0,0.0,0.0,0.0,0.0,0.0,0.0,0.0,All About Eve  ,1,46,2,21,0,2,1,0,9,1,0,0,0,2,1,2
380,0,0,1,0,0,0,0,0,0,0,0,0,,0.0,0.0,0.0,0.0,1.0,0.0,0.0,1.0,0.0,0.0,0.0,0.0,0.0,0.0,0.0,0.0,1.0,0.0,0.0,0.0,0.0,0.0,Born Yesterday  ,0,9,2,2,0,1,1,0,1,1,0,0,0,0,0,0
381,0,0,0,0,0,0,0,0,1,0,0,0,,0.0,0.0,0.0,0.0,1.0,0.0,0.0,0.0,0.0,0.0,0.0,0.0,0.0,0.0,0.0,0.0,1.0,0.0,0.0,0.0,0.0,0.0,Father of the Bride  ,0,33,4,15,1,0,0,0,0,1,0,0,0,0,0,0
382,0,0,0,0,0,0,0,0,0,1,0,0,,1.0,1.0,0.0,0.0,0.0,0.0,0.0,0.0,0.0,0.0,0.0,0.0,0.0,0.0,0.0,0.0,1.0,0.0,0.0,0.0,0.0,0.0,King Solomon's Mines  ,0,32,4,14,0,0,0,0,2,0,0,0,0,0,0,0
383,0,1,0,0,0,0,0,0,0,0,0,0,,0.0,0.0,0.0,0.0,0.0,0.0,0.0,1.0,0.0,0.0,1.0,0.0,0.0,0.0,0.0,0.0,0.0,0.0,0.0,0.0,0.0,0.0,Sunset Blvd.  ,0,45,3,9,1,1,1,1,6,1,0,0,0,4,1,1
384,0,0,0,0,0,0,0,0,0,1,0,0,,0.0,0.0,0.0,0.0,0.0,0.0,0.0,1.0,0.0,0.0,1.0,0.0,0.0,0.0,0.0,0.0,0.0,0.0,0.0,0.0,0.0,0.0,All the King's Men  ,1,2,0,1,1,0,1,0,3,1,0,0,0,0,0,0
385,0,0,0,0,1,0,0,0,0,0,0,0,,0.0,0.0,0.0,0.0,0.0,0.0,0.0,1.0,0.0,0.0,0.0,0.0,0.0,0.0,0.0,0.0,1.0,0.0,0.0,0.0,0.0,0.0,A Letter to Three Wives  ,0,22,5,13,0,0,1,0,0,1,0,0,0,0,0,0
386,0,0,0,0,0,0,0,0,0,1,0,0,,1.0,0.0,0.0,0.0,0.0,0.0,0.0,1.0,0.0,0.0,0.0,1.0,0.0,0.0,0.0,0.0,0.0,0.0,0.0,0.0,1.0,0.0,Battleground  ,0,31,2,14,0,0,1,0,3,1,0,0,0,0,0,0
387,0,0,0,0,0,0,0,0,0,0,1,0,,0.0,0.0,0.0,0.0,0.0,0.0,0.0,1.0,0.0,0.0,0.0,0.0,0.0,0.0,0.0,0.0,1.0,0.0,0.0,0.0,0.0,0.0,The Heiress  ,0,21,0,6,0,1,1,0,5,0,0,0,0,0,0,0
388,0,0,1,0,0,0,0,0,0,0,0,0,,0.0,0.0,0.0,0.0,0.0,0.0,0.0,1.0,0.0,0.0,0.0,0.0,0.0,0.0,0.0,0.0,0.0,0.0,0.0,0.0,1.0,0.0,Twelve O'Clock High  ,0,43,2,16,1,0,0,0,2,0,0,0,0,0,0,0
389,0,0,0,0,0,0,0,0,1,0,0,0,,0.0,0.0,0.0,0.0,0.0,0.0,0.0,1.0,0.0,0.0,0.0,0.0,0.0,0.0,0.0,0.0,0.0,0.0,0.0,0.0,0.0,0.0,Hamlet  ,1,5,0,1,1,0,1,0,4,0,0,0,0,0,0,0
390,0,0,0,0,0,0,0,0,0,0,0,1,,0.0,0.0,0.0,0.0,0.0,0.0,0.0,1.0,0.0,0.0,0.0,0.0,0.0,0.0,0.0,0.0,0.0,0.0,0.0,0.0,0.0,0.0,Johnny Belinda  ,0,27,0,1,1,1,1,1,7,1,0,0,0,0,0,0
391,0,0,0,0,0,1,0,0,0,0,0,0,,0.0,0.0,0.0,0.0,0.0,0.0,0.0,1.0,0.0,0.0,0.0,0.0,0.0,1.0,0.0,0.0,1.0,0.0,0.0,0.0,0.0,0.0,The Red Shoes  ,0,3,0,2,0,0,0,0,3,1,0,0,0,0,0,0
392,0,0,0,0,0,0,0,0,0,1,0,0,,0.0,0.0,0.0,0.0,0.0,0.0,0.0,1.0,0.0,0.0,0.0,0.0,0.0,0.0,0.0,1.0,0.0,0.0,0.0,0.0,0.0,0.0,The Snake Pit  ,0,37,1,13,0,1,1,0,2,1,0,0,0,0,0,0
393,0,0,0,0,1,0,0,0,0,0,0,0,98.0,0.0,1.0,0.0,0.0,0.0,0.0,0.0,1.0,0.0,0.0,0.0,0.0,0.0,0.0,0.0,0.0,0.0,0.0,0.0,0.0,0.0,1.0,The Treasure of the Sierra Madre  ,0,14,1,0,0,0,1,0,1,1,0,0,0,0,0,0
394,0,0,0,0,0,0,0,0,0,1,0,0,,0.0,0.0,0.0,0.0,0.0,0.0,0.0,1.0,0.0,0.0,0.0,0.0,0.0,0.0,0.0,0.0,1.0,0.0,0.0,0.0,0.0,0.0,Gentleman's Agreement  ,1,27,2,13,1,1,1,1,3,1,0,0,0,0,0,0
395,0,0,0,0,0,1,0,0,0,0,0,0,,0.0,0.0,0.0,0.0,0.0,1.0,0.0,1.0,0.0,0.0,1.0,0.0,0.0,0.0,0.0,1.0,0.0,0.0,0.0,0.0,0.0,0.0,Crossfire  ,0,11,0,1,0,0,1,0,2,1,0,0,0,0,0,0
396,0,0,1,0,0,0,0,0,0,0,0,0,,0.0,1.0,0.0,0.0,0.0,0.0,0.0,1.0,0.0,0.0,0.0,0.0,0.0,0.0,0.0,1.0,1.0,0.0,0.0,0.0,0.0,0.0,Great Expectations  ,0,4,0,0,0,0,1,0,2,1,0,0,0,0,0,0
397,0,0,0,0,0,0,1,0,0,0,0,0,88.0,0.0,0.0,0.0,0.0,1.0,0.0,0.0,1.0,1.0,0.0,0.0,0.0,0.0,0.0,0.0,0.0,0.0,0.0,0.0,0.0,0.0,0.0,Miracle on 34th Street  ,0,24,1,10,0,0,0,0,1,2,0,0,0,0,0,0
398,0,0,0,0,0,0,0,0,0,1,0,0,,0.0,0.0,0.0,0.0,1.0,0.0,0.0,1.0,0.0,1.0,0.0,0.0,0.0,0.0,0.0,0.0,1.0,0.0,0.0,0.0,0.0,0.0,The Bishop's Wife  ,0,30,1,5,0,0,1,0,3,0,0,0,0,0,0,0
399,0,0,0,0,0,0,0,0,0,1,0,0,92.0,0.0,0.0,0.0,0.0,0.0,0.0,0.0,1.0,0.0,0.0,0.0,0.0,0.0,0.0,0.0,0.0,1.0,0.0,0.0,0.0,1.0,0.0,The Best Years of Our Lives  ,1,28,0,6,1,0,1,0,5,1,0,0,0,0,0,0
400,0,0,0,0,0,0,0,0,0,1,0,0,,0.0,0.0,0.0,1.0,0.0,0.0,0.0,1.0,0.0,0.0,0.0,1.0,0.0,0.0,0.0,0.0,0.0,0.0,0.0,0.0,1.0,0.0,The Chronicle History of King Henry the Fifth with His Battell Fought at Agincourt in France  ,0,2,0,0,1,0,0,0,3,0,0,0,0,0,0,0
401,0,0,1,0,0,0,0,0,0,0,0,0,89.0,0.0,0.0,0.0,0.0,0.0,0.0,0.0,1.0,1.0,1.0,0.0,0.0,0.0,0.0,0.0,0.0,0.0,0.0,0.0,0.0,0.0,0.0,It's a Wonderful Life  ,0,36,1,10,1,0,1,0,2,0,0,0,0,0,0,0
402,0,0,0,0,0,0,0,0,0,1,0,0,,0.0,0.0,0.0,0.0,0.0,0.0,0.0,1.0,0.0,0.0,0.0,0.0,0.0,0.0,0.0,0.0,1.0,0.0,0.0,0.0,0.0,0.0,The Razor's Edge  ,0,26,2,12,0,0,0,0,3,0,0,0,0,0,0,0
403,0,0,1,0,0,0,0,0,0,0,0,0,89.0,0.0,0.0,0.0,0.0,0.0,0.0,0.0,1.0,1.0,0.0,0.0,0.0,0.0,0.0,0.0,0.0,0.0,0.0,0.0,0.0,0.0,1.0,The Yearling  ,0,45,0,11,1,1,1,0,3,0,0,0,0,0,0,0
404,0,0,0,0,0,0,0,0,0,0,1,0,,0.0,0.0,0.0,0.0,0.0,0.0,0.0,1.0,0.0,0.0,1.0,0.0,0.0,0.0,0.0,0.0,0.0,0.0,0.0,0.0,0.0,0.0,The Lost Weekend  ,1,35,2,3,1,0,1,0,3,1,0,0,0,0,0,0
405,0,0,0,0,0,1,0,0,0,0,0,0,,0.0,0.0,0.0,0.0,1.0,0.0,0.0,0.0,0.0,1.0,0.0,0.0,0.0,1.0,1.0,0.0,1.0,0.0,0.0,0.0,1.0,0.0,Anchors Aweigh  ,0,25,5,10,1,0,0,0,3,0,0,0,0,0,0,0
406,0,0,0,0,0,0,0,0,0,0,0,1,,0.0,0.0,0.0,0.0,0.0,1.0,0.0,1.0,0.0,0.0,1.0,0.0,0.0,0.0,0.0,1.0,1.0,0.0,0.0,0.0,0.0,0.0,Mildred Pierce  ,0,14,2,2,0,1,0,0,3,1,0,0,0,0,0,0
407,0,0,0,0,0,0,0,0,0,0,1,0,,0.0,0.0,0.0,0.0,0.0,0.0,0.0,0.0,0.0,0.0,1.0,0.0,0.0,0.0,0.0,1.0,1.0,0.0,0.0,1.0,0.0,0.0,Spellbound  ,0,25,5,9,0,0,1,0,4,0,0,0,0,0,0,0
408,0,0,1,0,0,0,0,0,0,0,0,0,,0.0,0.0,0.0,0.0,0.0,0.0,0.0,1.0,0.0,0.0,0.0,0.0,0.0,0.0,0.0,0.0,0.0,0.0,0.0,0.0,0.0,0.0,The Bells of St. Mary's  ,0,22,3,8,1,1,1,0,4,0,0,0,0,0,0,0
409,0,0,0,0,0,0,0,0,1,0,0,0,,0.0,0.0,0.0,0.0,1.0,0.0,0.0,1.0,0.0,0.0,0.0,0.0,0.0,1.0,0.0,0.0,0.0,0.0,0.0,0.0,0.0,0.0,Going My Way  ,1,29,4,4,2,0,1,0,4,2,0,0,0,0,0,0
410,0,0,0,0,0,1,0,0,0,0,0,0,95.0,0.0,0.0,0.0,0.0,0.0,1.0,0.0,1.0,0.0,0.0,1.0,0.0,0.0,0.0,0.0,1.0,0.0,0.0,0.0,1.0,0.0,0.0,Double Indemnity  ,0,39,3,3,0,1,1,0,3,1,0,0,0,0,0,0
411,0,0,0,0,0,0,0,0,1,0,0,0,,0.0,0.0,0.0,0.0,0.0,1.0,0.0,1.0,0.0,0.0,1.0,0.0,0.0,0.0,0.0,1.0,0.0,0.0,0.0,1.0,0.0,0.0,Gaslight  ,0,35,3,10,1,1,0,0,3,1,0,0,0,0,0,0
412,0,0,0,0,0,1,0,0,0,0,0,0,,0.0,0.0,0.0,0.0,0.0,0.0,0.0,1.0,0.0,0.0,0.0,0.0,0.0,0.0,0.0,0.0,1.0,0.0,0.0,0.0,1.0,0.0,Since You Went Away  ,0,18,1,8,0,1,0,0,7,0,0,0,0,0,0,0
413,0,1,0,0,0,0,0,0,0,0,0,0,,0.0,0.0,0.0,1.0,0.0,0.0,0.0,1.0,0.0,0.0,0.0,1.0,0.0,1.0,0.0,0.0,1.0,0.0,0.0,0.0,0.0,0.0,Wilson  ,0,35,1,12,1,0,1,0,6,1,0,0,0,0,0,0
414,0,0,0,0,0,0,0,0,0,1,0,0,100.0,0.0,0.0,0.0,0.0,0.0,0.0,0.0,1.0,0.0,0.0,0.0,0.0,0.0,0.0,0.0,0.0,1.0,0.0,0.0,0.0,1.0,0.0,Casablanca  ,1,13,3,2,1,0,1,0,4,1,0,0,0,0,0,0
415,0,0,0,0,0,1,0,0,0,0,0,0,,0.0,1.0,0.0,0.0,0.0,0.0,0.0,1.0,0.0,0.0,0.0,1.0,0.0,0.0,0.0,0.0,1.0,0.0,0.0,0.0,1.0,0.0,For Whom the Bell Tolls  ,0,36,3,11,1,1,0,0,6,0,0,0,0,0,0,0
416,0,1,0,0,0,0,0,0,0,0,0,0,,0.0,0.0,0.0,0.0,1.0,0.0,0.0,1.0,0.0,1.0,0.0,0.0,0.0,0.0,0.0,0.0,1.0,0.0,0.0,0.0,0.0,0.0,Heaven Can Wait  ,0,15,4,4,0,0,1,0,1,0,0,0,0,0,0,0
417,0,0,0,0,0,0,0,0,0,0,0,1,,0.0,0.0,0.0,0.0,0.0,0.0,0.0,1.0,0.0,0.0,0.0,0.0,0.0,0.0,0.0,0.0,0.0,0.0,0.0,0.0,1.0,0.0,In Which We Serve  ,0,3,0,0,0,0,0,0,1,1,0,0,0,0,0,0
418,0,0,1,0,0,0,0,0,0,0,0,0,,0.0,0.0,0.0,1.0,0.0,0.0,0.0,1.0,0.0,0.0,0.0,0.0,0.0,0.0,0.0,0.0,1.0,0.0,0.0,0.0,0.0,0.0,Madame Curie  ,0,36,1,12,1,1,0,0,4,0,0,0,0,0,0,0
419,0,0,0,0,0,0,0,1,0,0,0,0,,0.0,0.0,0.0,0.0,1.0,0.0,0.0,1.0,1.0,0.0,0.0,0.0,0.0,0.0,0.0,0.0,0.0,0.0,0.0,0.0,0.0,0.0,The Human Comedy  ,0,29,3,12,1,0,1,0,1,1,0,0,0,0,0,0
420,0,0,0,0,0,0,0,0,1,0,0,0,,0.0,0.0,0.0,0.0,1.0,0.0,0.0,0.0,0.0,0.0,0.0,0.0,0.0,0.0,0.0,0.0,1.0,0.0,0.0,0.0,1.0,0.0,The More the Merrier  ,0,9,0,1,0,1,1,0,1,2,0,0,0,0,0,0
421,0,0,1,0,0,0,0,0,0,0,0,0,,0.0,0.0,0.0,0.0,0.0,0.0,0.0,1.0,0.0,0.0,0.0,0.0,0.0,0.0,0.0,0.0,0.0,0.0,0.0,0.0,0.0,1.0,The Ox-Bow Incident  ,0,17,4,8,0,0,0,0,0,0,0,0,0,0,0,0
422,0,0,1,0,0,0,0,0,0,0,0,0,,0.0,0.0,0.0,1.0,0.0,0.0,0.0,1.0,0.0,0.0,0.0,0.0,0.0,0.0,0.0,0.0,0.0,0.0,0.0,0.0,0.0,0.0,The Song of Bernadette  ,0,26,2,7,0,1,1,0,8,1,0,0,0,0,0,0
423,0,1,0,0,0,0,0,0,0,0,0,0,,0.0,0.0,0.0,0.0,0.0,0.0,0.0,1.0,0.0,0.0,0.0,0.0,0.0,0.0,0.0,0.0,0.0,0.0,0.0,0.0,0.0,0.0,Watch on the Rhine  ,0,11,3,4,1,0,0,0,1,1,0,0,0,0,0,0
424,0,0,0,0,0,0,1,0,0,0,0,0,,0.0,0.0,0.0,0.0,0.0,0.0,0.0,1.0,0.0,0.0,0.0,0.0,0.0,0.0,0.0,0.0,1.0,0.0,0.0,0.0,1.0,0.0,Mrs. Miniver  ,1,30,3,9,1,1,1,1,7,1,0,0,0,0,0,0
425,0,0,0,0,0,0,0,0,0,0,1,0,,0.0,0.0,0.0,0.0,0.0,0.0,0.0,1.0,0.0,0.0,0.0,0.0,0.0,0.0,0.0,0.0,0.0,0.0,0.0,1.0,1.0,0.0,49th Parallel  ,0,8,2,0,0,0,0,0,0,2,0,0,0,0,0,0
426,0,0,0,1,0,0,0,0,0,0,0,0,,0.0,0.0,0.0,0.0,0.0,0.0,0.0,1.0,0.0,0.0,0.0,0.0,0.0,0.0,0.0,1.0,1.0,0.0,0.0,0.0,0.0,0.0,Kings Row  ,0,14,0,7,0,0,1,0,1,0,0,0,0,0,0,0
427,0,0,1,0,0,0,0,0,0,0,0,0,,0.0,0.0,0.0,0.0,0.0,0.0,0.0,1.0,0.0,0.0,0.0,0.0,0.0,0.0,0.0,0.0,1.0,0.0,0.0,0.0,0.0,0.0,Random Harvest  ,0,27,7,9,1,0,1,0,3,1,0,0,0,0,0,0
428,0,0,0,0,0,1,0,0,0,0,0,0,93.0,0.0,0.0,0.0,0.0,0.0,0.0,0.0,1.0,0.0,0.0,0.0,0.0,0.0,0.0,0.0,0.0,1.0,0.0,0.0,0.0,0.0,0.0,The Magnificent Ambersons  ,0,9,2,1,0,0,0,0,3,0,0,0,0,0,0,0
429,0,0,0,0,0,1,0,0,0,0,0,0,,0.0,0.0,0.0,0.0,0.0,0.0,0.0,1.0,0.0,0.0,0.0,0.0,0.0,0.0,0.0,0.0,0.0,0.0,0.0,0.0,1.0,0.0,The Pied Piper  ,0,11,4,3,1,0,0,0,1,0,0,0,0,0,0,0
430,0,0,0,0,0,1,0,0,0,0,0,0,,0.0,0.0,0.0,1.0,0.0,0.0,0.0,1.0,0.0,0.0,0.0,0.0,0.0,0.0,0.0,0.0,1.0,0.0,1.0,0.0,0.0,0.0,The Pride of the Yankees  ,0,19,3,8,1,1,0,0,6,2,0,0,0,0,0,0
431,0,1,0,0,0,0,0,0,0,0,0,0,,0.0,0.0,0.0,0.0,1.0,0.0,0.0,1.0,0.0,0.0,0.0,0.0,0.0,0.0,0.0,0.0,1.0,0.0,0.0,1.0,0.0,0.0,The Talk of the Town  ,0,10,1,1,0,0,0,0,4,2,0,0,0,0,0,0
432,0,1,0,0,0,0,0,0,0,0,0,0,,1.0,0.0,0.0,0.0,0.0,0.0,0.0,1.0,0.0,0.0,0.0,0.0,0.0,0.0,0.0,0.0,0.0,0.0,0.0,0.0,1.0,0.0,Wake Island  ,0,19,4,2,0,0,1,0,1,1,0,0,0,0,0,0
433,0,0,0,0,0,0,0,0,1,0,0,0,,0.0,0.0,0.0,1.0,0.0,0.0,0.0,1.0,0.0,0.0,0.0,0.0,0.0,0.0,1.0,0.0,0.0,0.0,0.0,0.0,0.0,0.0,Yankee Doodle Dandy  ,0,28,3,2,1,0,1,0,4,1,0,0,0,0,0,0
434,0,0,0,0,0,0,0,0,0,0,1,0,,0.0,0.0,0.0,0.0,0.0,0.0,0.0,1.0,1.0,0.0,0.0,0.0,0.0,0.0,0.0,0.0,0.0,0.0,0.0,0.0,0.0,0.0,How Green Was My Valley  ,1,12,2,5,0,0,1,0,7,1,0,0,0,0,0,0
435,0,0,0,0,0,0,1,0,0,0,0,0,,0.0,0.0,0.0,1.0,0.0,0.0,0.0,1.0,0.0,0.0,0.0,0.0,0.0,0.0,0.0,0.0,1.0,0.0,0.0,0.0,0.0,0.0,Blossoms in the Dust  ,0,18,4,10,0,1,0,0,2,0,0,0,0,0,0,0
436,0,0,0,0,0,0,0,0,1,0,0,0,100.0,0.0,0.0,0.0,0.0,0.0,0.0,0.0,1.0,0.0,0.0,0.0,0.0,0.0,0.0,0.0,1.0,0.0,0.0,0.0,0.0,0.0,0.0,Citizen Kane  ,0,17,0,1,1,0,1,0,5,1,0,0,0,0,0,0
437,0,1,0,0,0,0,0,0,0,0,0,0,,0.0,0.0,0.0,0.0,1.0,0.0,0.0,0.0,0.0,1.0,0.0,0.0,0.0,0.0,0.0,0.0,1.0,0.0,0.0,0.0,0.0,0.0,Here Comes Mr. Jordan  ,0,9,1,0,1,0,1,0,2,2,0,0,0,0,0,0
438,0,0,0,0,0,0,0,0,0,0,0,1,,0.0,0.0,0.0,0.0,0.0,0.0,0.0,1.0,0.0,0.0,0.0,0.0,0.0,0.0,0.0,0.0,1.0,0.0,0.0,0.0,0.0,0.0,Hold Back the Dawn  ,0,18,1,0,0,1,0,0,3,1,0,0,0,0,0,0
439,0,0,0,0,0,0,0,0,0,0,1,0,,0.0,0.0,0.0,1.0,0.0,0.0,0.0,1.0,0.0,0.0,0.0,0.0,0.0,0.0,0.0,0.0,0.0,0.0,0.0,0.0,0.0,0.0,One Foot in Heaven  ,0,10,0,4,0,0,0,0,0,0,0,0,0,0,0,0
440,0,0,0,0,0,1,0,0,0,0,0,0,,0.0,0.0,0.0,1.0,0.0,0.0,0.0,1.0,0.0,0.0,0.0,1.0,0.0,0.0,0.0,0.0,1.0,0.0,0.0,0.0,1.0,0.0,Sergeant York  ,0,8,1,4,1,0,1,0,7,1,0,0,0,0,0,0
441,0,0,0,0,0,0,0,0,0,1,0,0,83.0,0.0,0.0,0.0,0.0,0.0,0.0,0.0,0.0,0.0,0.0,0.0,0.0,0.0,0.0,0.0,1.0,0.0,0.0,0.0,1.0,0.0,0.0,Suspicion  ,0,13,2,0,0,1,0,0,1,0,0,0,0,0,0,0
442,0,1,0,0,0,0,0,0,0,0,0,0,,0.0,0.0,0.0,0.0,0.0,0.0,0.0,1.0,0.0,0.0,0.0,0.0,0.0,0.0,0.0,0.0,1.0,0.0,0.0,0.0,0.0,0.0,The Little Foxes  ,0,14,1,4,0,1,1,0,5,1,0,0,0,0,0,0
443,0,0,0,0,0,0,0,0,0,0,1,0,96.0,0.0,0.0,0.0,0.0,0.0,0.0,0.0,0.0,0.0,0.0,1.0,0.0,0.0,0.0,0.0,1.0,0.0,0.0,0.0,0.0,0.0,0.0,The Maltese Falcon  ,0,5,3,1,0,0,0,0,1,1,0,0,0,0,0,0
444,0,0,0,0,0,0,0,1,0,0,0,0,,0.0,0.0,0.0,0.0,0.0,0.0,0.0,1.0,0.0,0.0,0.0,0.0,0.0,0.0,0.0,1.0,1.0,0.0,0.0,1.0,0.0,0.0,Rebecca  ,1,14,1,5,1,1,1,1,6,1,0,0,0,0,0,0
445,0,0,0,0,0,1,0,0,0,0,0,0,,0.0,0.0,0.0,0.0,0.0,0.0,0.0,1.0,0.0,0.0,0.0,0.0,0.0,0.0,0.0,0.0,1.0,0.0,0.0,0.0,0.0,0.0,"All This, and Heaven Too  ",0,8,3,4,0,0,0,0,2,0,0,0,0,0,0,0
446,0,1,0,0,0,0,0,0,0,0,0,0,,1.0,0.0,0.0,0.0,0.0,0.0,0.0,0.0,0.0,0.0,0.0,0.0,0.0,0.0,0.0,0.0,1.0,0.0,0.0,1.0,1.0,0.0,Foreign Correspondent  ,0,7,4,5,0,0,0,0,4,1,0,0,0,0,0,0
447,0,0,1,0,0,0,0,0,0,0,0,0,,0.0,0.0,0.0,0.0,0.0,0.0,0.0,1.0,0.0,0.0,0.0,0.0,0.0,0.0,0.0,0.0,1.0,0.0,0.0,0.0,0.0,0.0,Kitty Foyle  ,0,7,3,0,0,1,1,0,1,1,0,0,0,0,0,0
448,0,0,0,0,0,0,0,0,1,0,0,0,,0.0,0.0,0.0,0.0,0.0,0.0,0.0,1.0,0.0,0.0,0.0,0.0,0.0,0.0,0.0,0.0,1.0,0.0,0.0,0.0,0.0,0.0,Our Town  ,0,15,5,7,0,1,0,0,4,0,0,0,0,0,0,0
449,0,0,0,0,1,0,0,0,0,0,0,0,96.0,0.0,0.0,0.0,0.0,0.0,0.0,0.0,1.0,0.0,0.0,0.0,1.0,0.0,0.0,0.0,0.0,0.0,0.0,0.0,0.0,0.0,0.0,The Grapes of Wrath  ,0,16,5,5,1,0,1,0,3,1,0,0,0,0,0,0
450,0,0,0,0,0,0,0,0,0,0,1,0,,0.0,0.0,0.0,0.0,1.0,0.0,0.0,1.0,0.0,0.0,0.0,0.0,0.0,0.0,0.0,0.0,0.0,0.0,0.0,0.0,1.0,0.0,The Great Dictator  ,0,4,1,2,1,0,0,0,2,1,0,0,0,0,0,0
451,0,0,0,0,0,0,0,0,0,1,0,0,,0.0,0.0,0.0,0.0,0.0,1.0,0.0,1.0,0.0,0.0,1.0,0.0,0.0,0.0,0.0,1.0,1.0,0.0,0.0,0.0,0.0,0.0,The Letter  ,0,8,0,6,0,1,1,0,4,0,0,0,0,0,0,0
452,0,0,0,0,0,0,0,0,0,0,1,0,,0.0,0.0,0.0,0.0,0.0,0.0,0.0,1.0,0.0,0.0,0.0,0.0,0.0,0.0,0.0,0.0,0.0,0.0,0.0,0.0,1.0,0.0,The Long Voyage Home  ,0,6,2,4,0,0,0,0,4,1,0,0,0,0,0,0
453,0,0,1,0,0,0,0,0,0,0,0,0,96.0,0.0,0.0,0.0,0.0,1.0,0.0,0.0,0.0,0.0,0.0,0.0,0.0,0.0,0.0,0.0,0.0,1.0,0.0,0.0,0.0,0.0,0.0,The Philadelphia Story  ,0,16,5,7,1,1,1,1,1,1,0,0,0,1,0,0
454,0,0,1,0,0,0,0,0,0,0,0,0,97.0,0.0,0.0,0.0,0.0,0.0,0.0,0.0,1.0,0.0,0.0,0.0,1.0,0.0,0.0,0.0,0.0,1.0,0.0,0.0,0.0,1.0,0.0,Gone with the Wind  ,1,22,5,10,1,1,1,1,10,1,0,0,0,0,0,0
455,1,0,0,0,0,0,0,0,0,0,0,0,,0.0,0.0,0.0,0.0,0.0,0.0,0.0,1.0,0.0,0.0,0.0,0.0,0.0,0.0,0.0,0.0,1.0,0.0,0.0,0.0,0.0,0.0,Dark Victory  ,0,3,2,2,0,1,0,0,1,0,0,0,0,0,0,0
456,0,0,0,0,0,0,0,0,1,0,0,0,,0.0,0.0,0.0,0.0,0.0,0.0,0.0,1.0,0.0,0.0,0.0,0.0,0.0,0.0,0.0,0.0,1.0,0.0,0.0,0.0,0.0,0.0,"Goodbye, Mr. Chips  ",0,2,0,0,1,1,1,1,2,1,0,0,0,0,0,0
457,0,0,0,0,0,0,0,1,0,0,0,0,,0.0,0.0,0.0,0.0,1.0,0.0,0.0,1.0,0.0,0.0,0.0,0.0,0.0,0.0,0.0,0.0,1.0,0.0,0.0,0.0,0.0,0.0,Love Affair  ,0,11,0,1,0,1,0,0,3,1,0,0,0,0,0,0
458,0,0,0,0,0,0,0,0,0,0,1,0,73.0,0.0,0.0,0.0,0.0,1.0,0.0,0.0,1.0,0.0,0.0,0.0,0.0,0.0,0.0,0.0,0.0,0.0,0.0,0.0,0.0,0.0,0.0,Mr. Smith Goes to Washington  ,0,13,2,5,1,0,1,0,6,2,0,0,0,0,0,0
459,0,0,0,0,0,0,0,0,0,1,0,0,,0.0,0.0,0.0,0.0,1.0,0.0,0.0,0.0,0.0,0.0,0.0,0.0,0.0,0.0,0.0,0.0,1.0,0.0,0.0,0.0,0.0,0.0,Ninotchka  ,0,15,3,6,0,1,0,0,0,2,0,0,0,0,0,0
460,0,0,1,0,0,0,0,0,0,0,0,0,,0.0,0.0,0.0,0.0,0.0,0.0,0.0,1.0,0.0,0.0,0.0,0.0,0.0,0.0,0.0,0.0,0.0,0.0,0.0,0.0,0.0,0.0,Of Mice and Men  ,0,6,2,4,0,0,0,0,3,0,0,0,0,0,0,0
461,0,0,0,1,0,0,0,0,0,0,0,0,93.0,0.0,1.0,0.0,0.0,0.0,0.0,0.0,1.0,0.0,0.0,0.0,0.0,0.0,0.0,0.0,0.0,0.0,0.0,0.0,0.0,0.0,1.0,Stagecoach  ,0,7,2,4,0,0,1,0,5,0,0,0,0,0,0,0
462,0,1,0,0,0,0,0,0,0,0,0,0,100.0,0.0,1.0,0.0,0.0,0.0,0.0,0.0,0.0,1.0,1.0,0.0,0.0,0.0,0.0,1.0,0.0,0.0,0.0,0.0,0.0,0.0,0.0,The Wizard of Oz  ,0,29,2,8,0,0,0,0,5,0,0,0,0,0,0,0
463,0,0,0,0,0,0,0,1,0,0,0,0,,0.0,0.0,0.0,0.0,0.0,0.0,0.0,1.0,0.0,0.0,0.0,0.0,0.0,0.0,0.0,0.0,1.0,0.0,0.0,0.0,0.0,0.0,Wuthering Heights  ,0,8,2,2,1,0,1,0,4,1,0,0,0,0,0,0
464,0,0,0,0,0,0,0,0,0,0,0,1,,0.0,0.0,0.0,0.0,1.0,0.0,0.0,1.0,0.0,0.0,0.0,0.0,0.0,0.0,0.0,0.0,1.0,0.0,0.0,0.0,0.0,0.0,You Can't Take It with You  ,1,9,1,6,0,0,1,0,4,1,0,0,0,0,0,0
465,0,0,0,0,0,0,0,0,1,0,0,0,,0.0,0.0,0.0,0.0,0.0,0.0,0.0,1.0,0.0,0.0,0.0,0.0,0.0,1.0,1.0,0.0,1.0,0.0,0.0,0.0,0.0,0.0,Alexander's Ragtime Band  ,0,3,1,4,0,0,0,0,4,1,0,0,0,0,0,0
466,0,0,0,0,0,0,0,0,0,0,0,1,,0.0,0.0,0.0,1.0,0.0,0.0,0.0,1.0,0.0,0.0,0.0,0.0,0.0,0.0,0.0,0.0,0.0,0.0,0.0,0.0,0.0,0.0,Boys Town  ,0,9,2,7,1,0,1,0,0,2,0,0,0,0,0,0
467,0,1,0,0,0,0,0,0,0,0,0,0,,0.0,0.0,0.0,0.0,0.0,0.0,0.0,1.0,0.0,0.0,0.0,0.0,0.0,1.0,0.0,0.0,1.0,0.0,0.0,0.0,0.0,0.0,Four Daughters  ,0,3,3,3,0,0,1,0,2,1,0,0,0,0,0,0
468,0,0,0,0,0,0,1,0,0,0,0,0,,0.0,0.0,0.0,0.0,0.0,0.0,0.0,1.0,0.0,0.0,0.0,0.0,0.0,0.0,0.0,0.0,0.0,0.0,0.0,0.0,1.0,0.0,La Grande Illusion  ,0,0,0,0,0,0,0,0,0,0,0,0,0,0,0,0
469,0,0,0,0,0,0,0,1,0,0,0,0,,0.0,0.0,0.0,0.0,0.0,0.0,0.0,1.0,0.0,0.0,0.0,0.0,0.0,0.0,0.0,0.0,1.0,0.0,0.0,0.0,0.0,0.0,Jezebel  ,0,2,2,1,0,1,0,0,3,0,0,0,0,0,0,0
470,0,1,0,0,0,0,0,0,0,0,0,0,,0.0,0.0,0.0,0.0,1.0,0.0,0.0,1.0,0.0,0.0,0.0,0.0,0.0,0.0,0.0,0.0,1.0,0.0,0.0,0.0,0.0,0.0,Pygmalion  ,0,1,1,0,1,1,0,0,0,1,0,0,0,0,0,0
471,1,0,0,0,0,0,0,0,0,0,0,0,,0.0,0.0,0.0,0.0,0.0,0.0,0.0,1.0,0.0,0.0,0.0,0.0,0.0,0.0,0.0,0.0,1.0,0.0,0.0,0.0,0.0,0.0,Test Pilot  ,0,14,5,9,0,0,0,0,1,1,0,0,0,0,0,0
472,0,0,0,0,0,0,0,0,1,0,0,0,97.0,1.0,1.0,0.0,0.0,0.0,0.0,0.0,0.0,0.0,0.0,0.0,0.0,0.0,0.0,0.0,0.0,1.0,0.0,0.0,0.0,0.0,0.0,The Adventures of Robin Hood  ,0,12,5,7,0,0,0,0,3,0,0,0,0,0,0,0
473,0,0,0,0,0,0,0,0,0,0,1,0,,0.0,0.0,0.0,0.0,0.0,0.0,0.0,1.0,0.0,0.0,0.0,0.0,0.0,0.0,0.0,0.0,0.0,0.0,0.0,0.0,0.0,0.0,The Citadel  ,0,4,2,0,1,0,1,0,0,1,0,0,0,0,0,0
474,0,1,0,0,0,0,0,0,0,0,0,0,,0.0,0.0,0.0,1.0,0.0,0.0,0.0,1.0,0.0,0.0,0.0,0.0,0.0,0.0,0.0,0.0,0.0,0.0,0.0,0.0,0.0,0.0,The Life of Emile Zola  ,1,6,0,3,1,0,1,0,5,2,0,0,0,0,0,0
475,1,0,0,0,0,0,0,0,0,0,0,0,77.0,0.0,0.0,0.0,0.0,0.0,0.0,0.0,1.0,0.0,0.0,0.0,0.0,0.0,0.0,0.0,0.0,1.0,0.0,0.0,0.0,0.0,0.0,A Star Is Born  ,0,9,2,7,1,1,1,1,2,2,0,0,0,0,0,0
476,0,0,0,0,0,0,0,0,1,0,0,0,,0.0,1.0,0.0,0.0,0.0,0.0,0.0,1.0,1.0,0.0,0.0,0.0,0.0,0.0,0.0,0.0,0.0,0.0,0.0,0.0,0.0,0.0,Captains Courageous  ,0,6,2,7,1,0,0,0,1,1,0,0,0,0,0,0
477,0,1,0,0,0,0,0,0,0,0,0,0,,0.0,0.0,0.0,0.0,0.0,1.0,0.0,1.0,0.0,0.0,1.0,0.0,0.0,0.0,0.0,0.0,0.0,0.0,0.0,0.0,0.0,0.0,Dead End  ,0,5,0,2,0,0,0,0,3,0,0,0,0,0,0,0
478,0,0,0,0,1,0,0,0,0,0,0,0,,1.0,0.0,0.0,0.0,0.0,0.0,0.0,1.0,0.0,0.0,0.0,0.0,0.0,0.0,1.0,0.0,1.0,0.0,0.0,0.0,0.0,0.0,In Old Chicago  ,0,8,1,2,0,0,0,0,4,1,0,0,0,0,0,0
479,0,0,0,1,0,0,0,0,0,0,0,0,,0.0,1.0,0.0,0.0,0.0,0.0,0.0,1.0,0.0,1.0,0.0,0.0,0.0,0.0,0.0,1.0,0.0,0.0,0.0,0.0,0.0,0.0,Lost Horizon  ,0,7,1,3,0,0,0,0,6,0,0,0,0,0,0,0
480,0,0,0,0,0,0,0,0,0,0,0,1,,0.0,0.0,0.0,0.0,1.0,0.0,0.0,1.0,0.0,0.0,0.0,0.0,0.0,1.0,0.0,0.0,0.0,0.0,0.0,0.0,0.0,0.0,One Hundred Men and a Girl  ,0,4,2,1,0,0,0,0,3,1,0,0,0,0,0,0
481,0,0,0,0,0,0,0,0,0,0,1,0,,0.0,0.0,0.0,0.0,1.0,0.0,0.0,1.0,0.0,0.0,0.0,0.0,0.0,0.0,0.0,0.0,0.0,0.0,0.0,0.0,0.0,0.0,Stage Door  ,0,10,2,1,0,0,1,0,1,1,0,0,0,0,0,0
482,0,0,0,0,0,0,0,0,0,0,1,0,,0.0,0.0,0.0,0.0,1.0,0.0,0.0,0.0,0.0,0.0,0.0,0.0,0.0,0.0,0.0,0.0,1.0,0.0,0.0,0.0,0.0,0.0,The Awful Truth  ,0,3,1,0,0,1,1,0,2,1,0,0,0,0,0,0
483,0,0,0,0,1,0,0,0,0,0,0,0,,0.0,0.0,0.0,0.0,0.0,0.0,0.0,1.0,0.0,0.0,0.0,0.0,0.0,0.0,0.0,0.0,1.0,0.0,0.0,0.0,0.0,0.0,The Good Earth  ,0,11,4,9,0,1,1,0,2,0,0,0,0,0,0,0
484,0,0,0,0,0,0,0,1,0,0,0,0,,0.0,0.0,0.0,1.0,0.0,0.0,0.0,1.0,0.0,0.0,0.0,0.0,0.0,0.0,1.0,0.0,1.0,0.0,0.0,0.0,0.0,0.0,The Great Ziegfeld  ,1,9,4,4,0,1,1,0,3,1,0,0,0,0,0,0
485,0,0,1,0,0,0,0,0,0,0,0,0,,0.0,0.0,0.0,0.0,0.0,0.0,0.0,1.0,0.0,0.0,0.0,1.0,0.0,0.0,0.0,0.0,1.0,0.0,0.0,0.0,0.0,0.0,A Tale of Two Cities  ,0,5,5,5,0,0,0,0,1,0,0,0,0,0,0,0
486,0,0,0,0,0,1,0,0,0,0,0,0,,0.0,1.0,0.0,0.0,0.0,0.0,0.0,1.0,0.0,0.0,0.0,0.0,0.0,0.0,0.0,0.0,1.0,0.0,0.0,0.0,0.0,0.0,Anthony Adverse  ,0,9,4,2,0,0,0,0,6,0,0,0,0,0,0,0
487,0,0,0,0,0,0,0,0,0,0,0,1,,0.0,0.0,0.0,0.0,0.0,0.0,0.0,1.0,0.0,0.0,0.0,0.0,0.0,0.0,0.0,0.0,1.0,0.0,0.0,0.0,0.0,0.0,Dodsworth  ,0,7,0,1,1,0,1,0,3,1,0,0,0,0,0,0
488,0,0,0,0,0,0,0,0,0,0,1,0,,0.0,0.0,0.0,0.0,1.0,0.0,0.0,0.0,0.0,0.0,0.0,0.0,0.0,0.0,0.0,0.0,1.0,0.0,0.0,0.0,0.0,0.0,Libeled Lady  ,0,3,5,4,0,0,0,0,0,0,0,0,0,0,0,0
489,1,0,0,0,0,0,0,0,0,0,0,0,,0.0,0.0,0.0,0.0,1.0,0.0,0.0,1.0,0.0,0.0,0.0,0.0,0.0,0.0,0.0,0.0,1.0,0.0,0.0,0.0,0.0,0.0,Mr. Deeds Goes to Town  ,0,5,0,3,1,0,1,0,1,1,0,0,0,0,0,0
490,0,1,0,0,0,0,0,0,0,0,0,0,,0.0,0.0,0.0,0.0,0.0,0.0,0.0,1.0,0.0,0.0,0.0,0.0,0.0,0.0,0.0,0.0,1.0,0.0,0.0,0.0,0.0,0.0,Romeo and Juliet  ,0,10,2,5,0,1,0,0,2,0,0,0,0,0,0,0
491,0,0,0,0,0,0,1,0,0,0,0,0,,0.0,0.0,0.0,0.0,0.0,0.0,0.0,1.0,0.0,0.0,0.0,0.0,0.0,0.0,1.0,0.0,1.0,0.0,0.0,0.0,0.0,0.0,San Francisco  ,0,5,2,5,1,0,1,0,2,1,0,0,0,0,0,0
492,0,0,0,1,0,0,0,0,0,0,0,0,,0.0,0.0,0.0,1.0,0.0,0.0,0.0,1.0,0.0,0.0,0.0,1.0,0.0,0.0,0.0,0.0,0.0,0.0,0.0,0.0,0.0,0.0,The Story of Louis Pasteur  ,0,9,4,1,1,0,0,0,0,2,0,0,0,0,0,0
493,0,0,1,0,0,0,0,0,0,0,0,0,,0.0,0.0,0.0,0.0,1.0,0.0,0.0,0.0,0.0,0.0,0.0,0.0,0.0,0.0,1.0,0.0,1.0,0.0,0.0,0.0,0.0,0.0,Three Smart Girls  ,0,1,3,0,0,0,0,0,1,1,0,0,0,0,0,0
494,0,0,0,0,0,0,0,0,0,1,0,0,87.0,0.0,1.0,0.0,1.0,0.0,0.0,0.0,1.0,0.0,0.0,0.0,1.0,0.0,0.0,0.0,0.0,1.0,0.0,0.0,0.0,0.0,0.0,Mutiny on the Bounty  ,1,6,1,8,3,0,1,0,2,1,0,0,0,0,0,0
495,0,0,0,0,0,0,0,0,0,0,1,0,,0.0,0.0,0.0,0.0,1.0,0.0,0.0,0.0,0.0,1.0,0.0,0.0,0.0,0.0,0.0,0.0,1.0,0.0,0.0,0.0,0.0,0.0,A Midsummer Night's Dream  ,0,5,1,1,0,0,0,0,3,0,0,0,0,0,0,0
496,0,1,0,0,0,0,0,0,0,0,0,0,,0.0,0.0,0.0,0.0,1.0,0.0,0.0,1.0,0.0,0.0,0.0,0.0,0.0,0.0,0.0,0.0,1.0,0.0,0.0,0.0,0.0,0.0,Alice Adams  ,0,2,1,1,0,1,0,0,0,0,0,0,0,0,0,0
497,0,1,0,0,0,0,0,0,0,0,0,0,,0.0,0.0,0.0,0.0,0.0,0.0,0.0,0.0,0.0,0.0,0.0,0.0,0.0,0.0,1.0,0.0,1.0,0.0,0.0,0.0,0.0,0.0,Broadway Melody of 1936  ,0,5,2,5,0,0,0,0,1,1,0,0,0,0,0,0
498,0,0,1,0,0,0,0,0,0,0,0,0,,1.0,1.0,0.0,0.0,0.0,0.0,0.0,0.0,0.0,0.0,0.0,0.0,0.0,0.0,0.0,0.0,0.0,0.0,0.0,0.0,0.0,0.0,Captain Blood  ,0,5,2,1,0,0,1,0,2,1,0,0,0,0,0,0
499,0,0,0,0,1,0,0,0,0,0,0,0,,0.0,1.0,0.0,0.0,0.0,0.0,0.0,1.0,0.0,0.0,0.0,0.0,0.0,0.0,0.0,0.0,1.0,0.0,0.0,0.0,0.0,0.0,"The Personal History, Adventures, Experience, & Observation of David Copperfield the Younger  ",0,6,1,6,0,0,0,0,2,0,0,0,0,0,0,0
500,1,0,0,0,0,0,0,0,0,0,0,0,,0.0,0.0,0.0,0.0,0.0,0.0,0.0,1.0,0.0,0.0,0.0,1.0,0.0,0.0,0.0,0.0,1.0,0.0,0.0,0.0,0.0,0.0,Les Misérables  ,0,4,3,2,0,0,0,0,3,0,0,0,0,0,0,0
501,0,0,0,0,0,0,0,1,0,0,0,0,,0.0,0.0,0.0,0.0,0.0,0.0,0.0,1.0,0.0,0.0,0.0,0.0,0.0,0.0,1.0,0.0,1.0,0.0,0.0,0.0,0.0,0.0,Naughty Marietta  ,0,7,1,3,0,0,0,0,1,0,0,0,0,0,0,0
502,0,0,0,1,0,0,0,0,0,0,0,0,,0.0,0.0,0.0,0.0,1.0,0.0,0.0,0.0,0.0,0.0,0.0,0.0,0.0,0.0,0.0,0.0,1.0,0.0,0.0,0.0,0.0,0.0,Ruggles of Red Gap  ,0,5,2,1,0,0,0,0,0,0,0,0,0,0,0,0
503,0,0,0,0,0,0,0,0,1,0,0,0,,0.0,0.0,0.0,0.0,0.0,1.0,0.0,1.0,0.0,0.0,0.0,0.0,0.0,0.0,0.0,0.0,0.0,0.0,0.0,0.0,0.0,0.0,The Informer  ,0,1,1,0,1,0,1,0,2,1,0,0,0,0,0,0
504,0,0,0,0,1,0,0,0,0,0,0,0,,0.0,1.0,0.0,0.0,0.0,0.0,0.0,1.0,0.0,0.0,0.0,0.0,0.0,0.0,0.0,0.0,0.0,0.0,0.0,0.0,1.0,0.0,The Lives of a Bengal Lancer  ,0,10,3,2,0,0,1,0,5,1,0,0,0,0,0,0
505,0,1,0,0,0,0,0,0,0,0,0,0,,0.0,0.0,0.0,0.0,1.0,0.0,0.0,0.0,0.0,0.0,0.0,0.0,0.0,0.0,1.0,0.0,1.0,0.0,0.0,0.0,0.0,0.0,Top Hat  ,0,2,0,0,0,0,0,0,3,0,0,0,0,0,0,0
506,0,0,0,1,0,0,0,0,0,0,0,0,87.0,0.0,0.0,0.0,0.0,1.0,0.0,0.0,0.0,0.0,0.0,0.0,0.0,0.0,0.0,0.0,0.0,1.0,0.0,0.0,0.0,0.0,0.0,It Happened One Night  ,1,3,0,0,1,1,1,1,0,1,0,0,0,0,0,0
507,0,0,0,0,0,0,0,0,0,0,1,0,,0.0,0.0,0.0,1.0,0.0,0.0,0.0,1.0,0.0,0.0,0.0,1.0,0.0,0.0,0.0,0.0,0.0,0.0,0.0,0.0,0.0,0.0,Cleopatra  ,0,10,1,3,0,0,0,0,4,0,0,0,0,0,0,0
508,0,0,1,0,0,0,0,0,0,0,0,0,,0.0,0.0,0.0,0.0,0.0,0.0,0.0,0.0,0.0,0.0,0.0,0.0,0.0,0.0,1.0,0.0,1.0,0.0,0.0,0.0,0.0,0.0,Flirtation Walk  ,0,8,0,3,0,0,0,0,1,0,0,0,0,0,0,0
509,0,0,0,0,0,1,0,0,0,0,0,0,,0.0,0.0,0.0,0.0,1.0,0.0,0.0,1.0,0.0,0.0,0.0,0.0,0.0,0.0,0.0,0.0,1.0,0.0,0.0,0.0,1.0,0.0,Here Comes the Navy  ,0,3,0,0,0,0,0,0,0,0,0,0,0,0,0,0
510,0,0,0,0,0,0,0,0,0,1,0,0,,0.0,0.0,0.0,0.0,0.0,0.0,0.0,1.0,0.0,0.0,0.0,0.0,0.0,0.0,0.0,0.0,1.0,0.0,0.0,0.0,0.0,0.0,Imitation of Life  ,0,0,1,1,0,0,0,0,2,0,0,0,0,0,0,0
511,0,0,0,0,0,0,0,0,0,0,0,1,,0.0,0.0,0.0,0.0,0.0,0.0,0.0,0.0,0.0,0.0,0.0,0.0,0.0,1.0,0.0,0.0,1.0,0.0,0.0,0.0,0.0,0.0,One Night of Love  ,0,1,0,0,0,1,1,0,4,0,0,0,0,0,0,0
512,0,0,0,0,0,0,0,0,0,0,0,1,,0.0,0.0,0.0,1.0,0.0,0.0,0.0,1.0,0.0,0.0,0.0,0.0,0.0,0.0,0.0,0.0,1.0,0.0,0.0,0.0,0.0,0.0,The Barretts of Wimpole Street  ,0,6,2,5,0,1,0,0,0,0,0,0,0,0,0,0
513,0,0,0,0,0,0,0,0,0,0,1,0,,0.0,0.0,0.0,0.0,1.0,0.0,0.0,0.0,0.0,0.0,0.0,0.0,0.0,0.0,1.0,0.0,1.0,0.0,0.0,0.0,0.0,0.0,The Gay Divorcee  ,0,1,0,0,0,0,0,0,4,0,0,0,0,0,0,0
514,0,0,0,0,0,0,0,1,0,0,0,0,,0.0,0.0,0.0,1.0,0.0,0.0,0.0,1.0,0.0,0.0,0.0,1.0,0.0,0.0,0.0,0.0,0.0,0.0,0.0,0.0,1.0,0.0,The House of Rothschild  ,0,5,1,1,0,0,0,0,0,0,0,0,0,0,0,0
515,0,0,0,0,0,0,0,0,1,0,0,0,,0.0,0.0,0.0,0.0,1.0,1.0,0.0,0.0,0.0,0.0,0.0,0.0,0.0,0.0,0.0,1.0,0.0,0.0,0.0,0.0,0.0,0.0,The Thin Man  ,0,1,2,2,1,0,1,0,0,1,0,0,0,0,0,0
516,0,0,0,0,0,0,0,0,0,1,0,0,,0.0,0.0,0.0,0.0,0.0,0.0,0.0,1.0,0.0,0.0,0.0,0.0,0.0,0.0,0.0,0.0,0.0,0.0,0.0,0.0,0.0,0.0,The White Parade  ,0,2,0,0,0,0,0,0,1,0,0,0,0,0,0,0
517,1,0,0,0,0,0,0,0,0,0,0,0,,0.0,0.0,0.0,1.0,0.0,0.0,0.0,0.0,0.0,0.0,0.0,0.0,0.0,0.0,0.0,0.0,0.0,0.0,0.0,0.0,0.0,1.0,Viva Villa!  ,0,3,0,4,0,0,0,0,2,1,0,0,0,0,0,0
518,0,0,0,0,1,0,0,0,0,0,0,0,,0.0,0.0,0.0,0.0,0.0,0.0,0.0,1.0,0.0,0.0,0.0,0.0,0.0,0.0,0.0,0.0,1.0,0.0,0.0,0.0,1.0,0.0,Cavalcade  ,1,7,1,3,0,1,1,0,1,0,0,0,0,0,0,0
519,0,0,0,1,0,0,0,0,0,0,0,0,,0.0,0.0,0.0,0.0,1.0,0.0,0.0,0.0,0.0,0.0,0.0,0.0,0.0,0.0,1.0,0.0,1.0,0.0,0.0,0.0,0.0,0.0,42nd Street  ,0,1,2,1,0,0,0,0,1,0,0,0,0,0,0,0
520,0,0,1,0,0,0,0,0,0,0,0,0,,0.0,0.0,0.0,0.0,0.0,0.0,0.0,1.0,0.0,0.0,0.0,0.0,0.0,0.0,0.0,0.0,1.0,0.0,0.0,0.0,1.0,0.0,A Farewell to Arms  ,0,7,0,4,0,0,0,0,3,0,0,0,0,0,0,0
521,0,0,0,0,0,0,0,0,0,1,0,0,,0.0,0.0,0.0,0.0,0.0,1.0,0.0,1.0,0.0,0.0,1.0,0.0,0.0,0.0,0.0,0.0,0.0,0.0,0.0,0.0,0.0,0.0,I Am a Fugitive from a Chain Gang  ,0,2,0,0,1,0,0,0,1,0,0,0,0,0,0,0
522,0,0,0,0,0,0,0,0,0,0,0,1,,0.0,0.0,0.0,0.0,1.0,0.0,0.0,1.0,0.0,0.0,0.0,0.0,0.0,0.0,0.0,0.0,0.0,0.0,0.0,0.0,0.0,0.0,Lady for a Day  ,0,1,0,0,0,1,1,0,0,1,0,0,0,0,0,0
523,0,0,0,0,0,0,0,0,0,1,0,0,92.0,0.0,0.0,0.0,0.0,0.0,0.0,0.0,1.0,1.0,0.0,0.0,0.0,0.0,0.0,0.0,0.0,1.0,0.0,0.0,0.0,0.0,0.0,Little Women  ,0,2,1,0,0,0,1,0,0,1,0,0,0,0,0,0
524,0,0,0,0,1,0,0,0,0,0,0,0,,0.0,0.0,0.0,0.0,1.0,0.0,0.0,1.0,0.0,0.0,0.0,1.0,0.0,0.0,1.0,0.0,1.0,0.0,0.0,0.0,0.0,0.0,She Done Him Wrong  ,0,2,1,0,0,0,0,0,0,0,0,0,0,0,0,0
525,0,0,0,0,0,0,0,0,0,0,0,1,,0.0,0.0,0.0,0.0,0.0,0.0,0.0,1.0,0.0,0.0,0.0,0.0,0.0,0.0,0.0,0.0,1.0,0.0,0.0,0.0,0.0,0.0,Smilin' Through  ,0,7,3,7,0,0,0,0,0,0,0,0,0,0,0,0
526,0,0,0,0,1,0,0,0,0,0,0,0,,0.0,0.0,0.0,0.0,1.0,0.0,0.0,1.0,0.0,0.0,0.0,0.0,0.0,0.0,0.0,0.0,1.0,0.0,0.0,0.0,0.0,0.0,State Fair  ,0,2,0,3,0,0,0,0,0,1,0,0,0,0,0,0
527,0,1,0,0,0,0,0,0,0,0,0,0,,0.0,0.0,0.0,1.0,1.0,0.0,0.0,1.0,0.0,0.0,0.0,1.0,0.0,0.0,0.0,0.0,1.0,0.0,0.0,0.0,0.0,0.0,The Private Life of Henry VIII.  ,0,1,0,0,1,0,0,0,0,0,0,0,0,0,0,0
528,1,0,0,0,0,0,0,0,0,0,0,0,,0.0,0.0,0.0,0.0,0.0,0.0,0.0,1.0,0.0,0.0,0.0,0.0,0.0,0.0,0.0,0.0,1.0,0.0,0.0,0.0,0.0,0.0,Grand Hotel  ,1,6,1,3,0,0,0,0,0,0,0,0,0,0,0,0
529,0,0,1,0,0,0,0,0,0,0,0,0,,0.0,0.0,0.0,0.0,0.0,0.0,0.0,1.0,0.0,0.0,0.0,0.0,0.0,0.0,0.0,0.0,0.0,0.0,0.0,0.0,0.0,0.0,Arrowsmith  ,0,3,1,0,0,0,0,0,2,1,0,0,0,0,0,0
530,0,1,0,0,0,0,0,0,0,0,0,0,,0.0,0.0,0.0,0.0,0.0,0.0,0.0,1.0,0.0,0.0,0.0,0.0,0.0,0.0,0.0,0.0,1.0,0.0,0.0,0.0,0.0,0.0,Bad Girl  ,0,0,0,1,0,0,1,0,0,1,0,0,0,0,0,0
531,0,0,0,0,0,0,0,0,0,0,0,1,,0.0,0.0,0.0,0.0,0.0,1.0,0.0,1.0,0.0,0.0,0.0,0.0,0.0,0.0,0.0,0.0,0.0,0.0,0.0,0.0,0.0,0.0,Five Star Final  ,0,1,0,0,0,0,0,0,0,0,0,0,0,0,0,0
532,0,0,0,0,0,0,0,1,0,0,0,0,,0.0,0.0,0.0,0.0,1.0,0.0,0.0,0.0,0.0,0.0,0.0,0.0,0.0,0.0,1.0,0.0,1.0,0.0,0.0,0.0,0.0,0.0,One Hour with You  ,0,9,0,0,0,0,0,0,0,0,0,0,0,0,0,0
533,0,0,0,1,0,0,0,0,0,0,0,0,,0.0,1.0,0.0,0.0,0.0,0.0,0.0,1.0,0.0,0.0,0.0,0.0,0.0,0.0,0.0,0.0,1.0,0.0,0.0,1.0,0.0,0.0,Shanghai Express  ,0,7,0,0,0,0,1,0,1,0,0,0,0,0,0,0
534,0,0,0,0,0,0,0,0,0,1,0,0,,0.0,0.0,0.0,0.0,0.0,0.0,0.0,1.0,0.0,0.0,0.0,0.0,0.0,0.0,0.0,0.0,0.0,0.0,1.0,0.0,0.0,0.0,The Champ  ,0,4,0,3,1,0,1,0,0,1,0,0,0,0,0,0
535,0,0,0,0,0,0,0,0,1,0,0,0,,0.0,0.0,0.0,0.0,1.0,0.0,0.0,0.0,0.0,0.0,0.0,0.0,0.0,0.0,1.0,0.0,1.0,0.0,0.0,0.0,0.0,0.0,The Smiling Lieutenant  ,0,8,0,0,0,0,0,0,0,0,0,0,0,0,0,0
536,0,0,0,0,1,0,0,0,0,0,0,0,,0.0,0.0,0.0,0.0,0.0,0.0,0.0,1.0,0.0,0.0,0.0,0.0,0.0,0.0,0.0,0.0,0.0,0.0,0.0,0.0,0.0,1.0,Cimarron  ,1,1,0,0,1,1,1,1,2,1,0,0,0,0,0,0
537,0,0,0,0,0,0,0,1,0,0,0,0,,0.0,0.0,0.0,0.0,0.0,0.0,0.0,1.0,0.0,0.0,0.0,0.0,0.0,0.0,0.0,0.0,0.0,0.0,0.0,0.0,0.0,0.0,East Lynne  ,0,5,1,1,0,0,0,0,0,0,0,0,0,0,0,0
538,1,0,0,0,0,0,0,0,0,0,0,0,,0.0,0.0,0.0,0.0,1.0,0.0,0.0,1.0,1.0,0.0,0.0,0.0,0.0,0.0,0.0,0.0,0.0,0.0,0.0,0.0,0.0,0.0,Skippy  ,0,0,0,1,1,0,1,0,0,1,0,0,0,0,0,0
539,0,0,0,0,0,0,0,1,0,0,0,0,,0.0,0.0,0.0,0.0,1.0,0.0,0.0,0.0,0.0,0.0,0.0,0.0,0.0,0.0,0.0,0.0,0.0,0.0,0.0,0.0,0.0,0.0,The Front Page  ,0,1,1,3,1,0,1,0,0,0,0,0,0,0,0,0
540,0,0,0,1,0,0,0,0,0,0,0,0,,1.0,1.0,0.0,0.0,0.0,0.0,0.0,1.0,0.0,0.0,0.0,0.0,0.0,0.0,0.0,0.0,1.0,0.0,0.0,0.0,0.0,0.0,Trader Horn  ,0,0,0,2,0,0,0,0,0,0,0,0,0,0,0,0
541,1,0,0,0,0,0,0,0,0,0,0,0,91.0,0.0,0.0,0.0,0.0,0.0,0.0,0.0,1.0,0.0,0.0,0.0,0.0,0.0,0.0,0.0,0.0,0.0,0.0,0.0,0.0,1.0,0.0,All Quiet on the Western Front  ,1,0,2,1,0,0,1,0,1,1,0,0,0,0,0,0
542,0,0,0,0,0,0,0,0,0,0,1,0,,0.0,0.0,0.0,1.0,0.0,0.0,0.0,1.0,0.0,0.0,0.0,1.0,0.0,0.0,0.0,0.0,0.0,0.0,0.0,0.0,0.0,0.0,Disraeli  ,0,0,1,0,1,0,0,0,0,1,0,0,0,0,0,0
543,0,0,0,0,0,0,1,0,0,0,0,0,,0.0,0.0,0.0,0.0,0.0,1.0,0.0,1.0,0.0,0.0,0.0,0.0,0.0,0.0,0.0,0.0,0.0,0.0,0.0,1.0,0.0,0.0,The Big House  ,0,0,3,0,1,0,0,0,1,1,0,0,0,0,0,0
544,1,0,0,0,0,0,0,0,0,0,0,0,,0.0,0.0,0.0,0.0,0.0,0.0,0.0,1.0,0.0,0.0,0.0,0.0,0.0,0.0,0.0,0.0,1.0,0.0,0.0,0.0,0.0,0.0,The Divorcee  ,0,0,4,0,0,1,1,0,0,1,0,0,0,0,0,0
545,0,0,0,0,0,0,0,0,0,1,0,0,,0.0,0.0,0.0,0.0,1.0,0.0,0.0,0.0,0.0,0.0,0.0,0.0,0.0,0.0,1.0,0.0,1.0,0.0,0.0,0.0,0.0,0.0,The Love Parade  ,0,0,4,0,1,0,1,0,3,0,0,0,0,0,0,0
546,0,0,0,1,0,0,0,0,0,0,0,0,,0.0,0.0,0.0,0.0,0.0,0.0,0.0,1.0,0.0,0.0,0.0,0.0,0.0,0.0,1.0,0.0,1.0,0.0,0.0,0.0,0.0,0.0,The Broadway Melody  ,1,0,2,0,0,1,1,0,0,0,0,0,0,0,0,0
547,1,0,0,0,0,0,0,0,0,0,0,0,,0.0,0.0,0.0,0.0,0.0,1.0,0.0,0.0,0.0,0.0,0.0,0.0,0.0,0.0,0.0,0.0,0.0,0.0,0.0,0.0,0.0,0.0,Alibi  ,0,0,2,2,1,0,0,0,1,0,0,0,0,0,0,0
548,0,0,1,0,0,0,0,0,0,0,0,0,,0.0,0.0,0.0,0.0,0.0,0.0,0.0,0.0,0.0,0.0,0.0,0.0,0.0,0.0,0.0,0.0,1.0,0.0,0.0,0.0,0.0,1.0,In Old Arizona  ,0,0,2,0,1,0,1,0,1,1,0,0,0,0,0,0
549,0,0,0,0,0,0,1,0,0,0,0,0,,0.0,0.0,0.0,0.0,0.0,0.0,0.0,0.0,0.0,0.0,0.0,0.0,0.0,0.0,1.0,0.0,0.0,0.0,0.0,0.0,0.0,0.0,The Hollywood Revue of 1929  ,0,0,6,0,0,0,0,0,0,0,0,0,0,0,0,0
550,0,1,0,0,0,0,0,0,0,0,0,0,,0.0,0.0,0.0,0.0,0.0,0.0,0.0,1.0,0.0,0.0,0.0,1.0,0.0,0.0,0.0,0.0,0.0,0.0,0.0,1.0,0.0,0.0,The Patriot  ,0,0,4,2,1,0,1,0,1,1,0,0,0,0,0,0
551,0,0,0,0,0,0,0,0,1,0,0,0,,1.0,0.0,0.0,0.0,0.0,0.0,0.0,1.0,0.0,0.0,0.0,0.0,0.0,0.0,0.0,0.0,1.0,0.0,0.0,0.0,1.0,0.0,Wings  ,1,0,0,0,0,0,0,0,1,0,0,0,0,0,0,0
552,0,0,0,0,0,0,0,0,1,0,0,0,,0.0,0.0,0.0,0.0,0.0,0.0,0.0,1.0,0.0,0.0,0.0,0.0,0.0,0.0,0.0,0.0,1.0,0.0,0.0,0.0,0.0,0.0,7th Heaven  ,0,0,2,0,0,1,1,0,1,1,0,0,0,0,0,0
553,0,0,0,0,0,0,1,0,0,0,0,0,,0.0,0.0,0.0,0.0,0.0,1.0,0.0,1.0,0.0,0.0,1.0,0.0,0.0,0.0,0.0,0.0,0.0,0.0,0.0,0.0,0.0,0.0,The Racket  ,0,0,1,0,0,0,0,0,0,0,0,0,0,0,0,0
554,0,0,0,0,0,0,0,0,0,0,0,1,,0.0,0.0,0.0,0.0,0.0,0.0,0.0,1.0,0.0,0.0,0.0,0.0,0.0,0.0,0.0,0.0,1.0,0.0,0.0,0.0,0.0,0.0,Sunrise: A Song of Two Humans  ,1,0,2,0,0,1,0,0,2,0,0,0,0,0,0,0
555,1,0,0,0,0,0,0,0,0,0,0,0,,0.0,1.0,0.0,0.0,0.0,0.0,1.0,0.0,0.0,0.0,0.0,0.0,0.0,0.0,0.0,0.0,0.0,0.0,0.0,0.0,0.0,0.0,Chang: A Drama of the Wilderness  ,0,0,0,0,0,0,0,0,0,0,0,0,0,0,0,0
556,0,0,0,1,0,0,0,0,0,0,0,0,,0.0,0.0,0.0,0.0,0.0,0.0,0.0,1.0,0.0,0.0,0.0,0.0,0.0,0.0,0.0,0.0,1.0,0.0,0.0,0.0,0.0,0.0,The Crowd  ,0,0,0,0,0,0,1,0,0,0,0,0,0,0,0,0
